StartDate,StartdateFiscalPeriodLong,StartDateFiscalYear,num visits
2010-04-01,2011-01,10/11,185
2010-04-02,2011-01,10/11,210
2010-04-03,2011-01,10/11,214
2010-04-04,2011-01,10/11,242
2010-04-05,2011-01,10/11,207
2010-04-06,2011-01,10/11,196
2010-04-07,2011-01,10/11,216
2010-04-08,2011-01,10/11,207
2010-04-09,2011-01,10/11,200
2010-04-10,2011-01,10/11,213
2010-04-11,2011-01,10/11,210
2010-04-12,2011-01,10/11,227
2010-04-13,2011-01,10/11,189
2010-04-14,2011-01,10/11,208
2010-04-15,2011-01,10/11,191
2010-04-16,2011-01,10/11,224
2010-04-17,2011-01,10/11,188
2010-04-18,2011-01,10/11,208
2010-04-19,2011-01,10/11,220
2010-04-20,2011-01,10/11,200
2010-04-21,2011-01,10/11,171
2010-04-22,2011-01,10/11,196
2010-04-23,2011-01,10/11,201
2010-04-24,2011-01,10/11,203
2010-04-25,2011-01,10/11,192
2010-04-26,2011-01,10/11,215
2010-04-27,2011-01,10/11,208
2010-04-28,2011-01,10/11,202
2010-04-29,2011-01,10/11,214
2010-04-30,2011-02,10/11,192
2010-05-01,2011-02,10/11,199
2010-05-02,2011-02,10/11,227
2010-05-03,2011-02,10/11,213
2010-05-04,2011-02,10/11,211
2010-05-05,2011-02,10/11,202
2010-05-06,2011-02,10/11,210
2010-05-07,2011-02,10/11,187
2010-05-08,2011-02,10/11,205
2010-05-09,2011-02,10/11,187
2010-05-10,2011-02,10/11,218
2010-05-11,2011-02,10/11,206
2010-05-12,2011-02,10/11,208
2010-05-13,2011-02,10/11,193
2010-05-14,2011-02,10/11,197
2010-05-15,2011-02,10/11,199
2010-05-16,2011-02,10/11,216
2010-05-17,2011-02,10/11,218
2010-05-18,2011-02,10/11,216
2010-05-19,2011-02,10/11,208
2010-05-20,2011-02,10/11,191
2010-05-21,2011-02,10/11,202
2010-05-22,2011-02,10/11,197
2010-05-23,2011-02,10/11,192
2010-05-24,2011-02,10/11,224
2010-05-25,2011-02,10/11,222
2010-05-26,2011-02,10/11,191
2010-05-27,2011-02,10/11,190
2010-05-28,2011-03,10/11,201
2010-05-29,2011-03,10/11,173
2010-05-30,2011-03,10/11,183
2010-05-31,2011-03,10/11,220
2010-06-01,2011-03,10/11,218
2010-06-02,2011-03,10/11,190
2010-06-03,2011-03,10/11,228
2010-06-04,2011-03,10/11,216
2010-06-05,2011-03,10/11,199
2010-06-06,2011-03,10/11,211
2010-06-07,2011-03,10/11,210
2010-06-08,2011-03,10/11,218
2010-06-09,2011-03,10/11,185
2010-06-10,2011-03,10/11,174
2010-06-11,2011-03,10/11,208
2010-06-12,2011-03,10/11,206
2010-06-13,2011-03,10/11,234
2010-06-14,2011-03,10/11,208
2010-06-15,2011-03,10/11,218
2010-06-16,2011-03,10/11,198
2010-06-17,2011-03,10/11,194
2010-06-18,2011-03,10/11,174
2010-06-19,2011-03,10/11,179
2010-06-20,2011-03,10/11,193
2010-06-21,2011-03,10/11,235
2010-06-22,2011-03,10/11,220
2010-06-23,2011-03,10/11,214
2010-06-24,2011-03,10/11,207
2010-06-25,2011-04,10/11,232
2010-06-26,2011-04,10/11,215
2010-06-27,2011-04,10/11,215
2010-06-28,2011-04,10/11,212
2010-06-29,2011-04,10/11,193
2010-06-30,2011-04,10/11,218
2010-07-01,2011-04,10/11,194
2010-07-02,2011-04,10/11,193
2010-07-03,2011-04,10/11,200
2010-07-04,2011-04,10/11,194
2010-07-05,2011-04,10/11,220
2010-07-06,2011-04,10/11,219
2010-07-07,2011-04,10/11,212
2010-07-08,2011-04,10/11,212
2010-07-09,2011-04,10/11,222
2010-07-10,2011-04,10/11,226
2010-07-11,2011-04,10/11,244
2010-07-12,2011-04,10/11,229
2010-07-13,2011-04,10/11,226
2010-07-14,2011-04,10/11,222
2010-07-15,2011-04,10/11,235
2010-07-16,2011-04,10/11,217
2010-07-17,2011-04,10/11,198
2010-07-18,2011-04,10/11,215
2010-07-19,2011-04,10/11,235
2010-07-20,2011-04,10/11,244
2010-07-21,2011-04,10/11,189
2010-07-22,2011-04,10/11,218
2010-07-23,2011-05,10/11,226
2010-07-24,2011-05,10/11,204
2010-07-25,2011-05,10/11,235
2010-07-26,2011-05,10/11,241
2010-07-27,2011-05,10/11,228
2010-07-28,2011-05,10/11,222
2010-07-29,2011-05,10/11,205
2010-07-30,2011-05,10/11,229
2010-07-31,2011-05,10/11,225
2010-08-01,2011-05,10/11,201
2010-08-02,2011-05,10/11,210
2010-08-03,2011-05,10/11,232
2010-08-04,2011-05,10/11,235
2010-08-05,2011-05,10/11,228
2010-08-06,2011-05,10/11,206
2010-08-07,2011-05,10/11,197
2010-08-08,2011-05,10/11,213
2010-08-09,2011-05,10/11,237
2010-08-10,2011-05,10/11,232
2010-08-11,2011-05,10/11,213
2010-08-12,2011-05,10/11,221
2010-08-13,2011-05,10/11,222
2010-08-14,2011-05,10/11,220
2010-08-15,2011-05,10/11,234
2010-08-16,2011-05,10/11,222
2010-08-17,2011-05,10/11,207
2010-08-18,2011-05,10/11,231
2010-08-19,2011-05,10/11,216
2010-08-20,2011-06,10/11,221
2010-08-21,2011-06,10/11,229
2010-08-22,2011-06,10/11,228
2010-08-23,2011-06,10/11,233
2010-08-24,2011-06,10/11,218
2010-08-25,2011-06,10/11,208
2010-08-26,2011-06,10/11,210
2010-08-27,2011-06,10/11,209
2010-08-28,2011-06,10/11,212
2010-08-29,2011-06,10/11,220
2010-08-30,2011-06,10/11,208
2010-08-31,2011-06,10/11,204
2010-09-01,2011-06,10/11,191
2010-09-02,2011-06,10/11,216
2010-09-03,2011-06,10/11,205
2010-09-04,2011-06,10/11,205
2010-09-05,2011-06,10/11,207
2010-09-06,2011-06,10/11,173
2010-09-07,2011-06,10/11,225
2010-09-08,2011-06,10/11,199
2010-09-09,2011-06,10/11,214
2010-09-10,2011-06,10/11,227
2010-09-11,2011-06,10/11,219
2010-09-12,2011-06,10/11,204
2010-09-13,2011-06,10/11,226
2010-09-14,2011-06,10/11,211
2010-09-15,2011-06,10/11,226
2010-09-16,2011-06,10/11,215
2010-09-17,2011-07,10/11,216
2010-09-18,2011-07,10/11,219
2010-09-19,2011-07,10/11,205
2010-09-20,2011-07,10/11,204
2010-09-21,2011-07,10/11,216
2010-09-22,2011-07,10/11,204
2010-09-23,2011-07,10/11,204
2010-09-24,2011-07,10/11,208
2010-09-25,2011-07,10/11,235
2010-09-26,2011-07,10/11,201
2010-09-27,2011-07,10/11,229
2010-09-28,2011-07,10/11,207
2010-09-29,2011-07,10/11,219
2010-09-30,2011-07,10/11,201
2010-10-01,2011-07,10/11,235
2010-10-02,2011-07,10/11,206
2010-10-03,2011-07,10/11,196
2010-10-04,2011-07,10/11,215
2010-10-05,2011-07,10/11,199
2010-10-06,2011-07,10/11,207
2010-10-07,2011-07,10/11,208
2010-10-08,2011-07,10/11,197
2010-10-09,2011-07,10/11,208
2010-10-10,2011-07,10/11,208
2010-10-11,2011-07,10/11,207
2010-10-12,2011-07,10/11,225
2010-10-13,2011-07,10/11,212
2010-10-14,2011-07,10/11,203
2010-10-15,2011-08,10/11,181
2010-10-16,2011-08,10/11,221
2010-10-17,2011-08,10/11,186
2010-10-18,2011-08,10/11,203
2010-10-19,2011-08,10/11,208
2010-10-20,2011-08,10/11,208
2010-10-21,2011-08,10/11,178
2010-10-22,2011-08,10/11,196
2010-10-23,2011-08,10/11,200
2010-10-24,2011-08,10/11,224
2010-10-25,2011-08,10/11,201
2010-10-26,2011-08,10/11,192
2010-10-27,2011-08,10/11,204
2010-10-28,2011-08,10/11,207
2010-10-29,2011-08,10/11,185
2010-10-30,2011-08,10/11,195
2010-10-31,2011-08,10/11,201
2010-11-01,2011-08,10/11,219
2010-11-02,2011-08,10/11,188
2010-11-03,2011-08,10/11,213
2010-11-04,2011-08,10/11,207
2010-11-05,2011-08,10/11,209
2010-11-06,2011-08,10/11,193
2010-11-07,2011-08,10/11,197
2010-11-08,2011-08,10/11,205
2010-11-09,2011-08,10/11,204
2010-11-10,2011-08,10/11,210
2010-11-11,2011-08,10/11,184
2010-11-12,2011-09,10/11,209
2010-11-13,2011-09,10/11,190
2010-11-14,2011-09,10/11,184
2010-11-15,2011-09,10/11,212
2010-11-16,2011-09,10/11,190
2010-11-17,2011-09,10/11,204
2010-11-18,2011-09,10/11,194
2010-11-19,2011-09,10/11,179
2010-11-20,2011-09,10/11,170
2010-11-21,2011-09,10/11,196
2010-11-22,2011-09,10/11,202
2010-11-23,2011-09,10/11,188
2010-11-24,2011-09,10/11,178
2010-11-25,2011-09,10/11,197
2010-11-26,2011-09,10/11,211
2010-11-27,2011-09,10/11,193
2010-11-28,2011-09,10/11,213
2010-11-29,2011-09,10/11,198
2010-11-30,2011-09,10/11,190
2010-12-01,2011-09,10/11,199
2010-12-02,2011-09,10/11,223
2010-12-03,2011-09,10/11,211
2010-12-04,2011-09,10/11,190
2010-12-05,2011-09,10/11,210
2010-12-06,2011-09,10/11,225
2010-12-07,2011-09,10/11,188
2010-12-08,2011-09,10/11,207
2010-12-09,2011-09,10/11,183
2010-12-10,2011-10,10/11,213
2010-12-11,2011-10,10/11,193
2010-12-12,2011-10,10/11,191
2010-12-13,2011-10,10/11,206
2010-12-14,2011-10,10/11,184
2010-12-15,2011-10,10/11,196
2010-12-16,2011-10,10/11,202
2010-12-17,2011-10,10/11,218
2010-12-18,2011-10,10/11,216
2010-12-19,2011-10,10/11,189
2010-12-20,2011-10,10/11,217
2010-12-21,2011-10,10/11,179
2010-12-22,2011-10,10/11,202
2010-12-23,2011-10,10/11,219
2010-12-24,2011-10,10/11,216
2010-12-25,2011-10,10/11,195
2010-12-26,2011-10,10/11,222
2010-12-27,2011-10,10/11,205
2010-12-28,2011-10,10/11,213
2010-12-29,2011-10,10/11,226
2010-12-30,2011-10,10/11,214
2010-12-31,2011-10,10/11,193
2011-01-01,2011-10,10/11,228
2011-01-02,2011-10,10/11,231
2011-01-03,2011-10,10/11,207
2011-01-04,2011-10,10/11,230
2011-01-05,2011-10,10/11,189
2011-01-06,2011-10,10/11,208
2011-01-07,2011-11,10/11,223
2011-01-08,2011-11,10/11,228
2011-01-09,2011-11,10/11,223
2011-01-10,2011-11,10/11,211
2011-01-11,2011-11,10/11,184
2011-01-12,2011-11,10/11,196
2011-01-13,2011-11,10/11,201
2011-01-14,2011-11,10/11,216
2011-01-15,2011-11,10/11,209
2011-01-16,2011-11,10/11,243
2011-01-17,2011-11,10/11,221
2011-01-18,2011-11,10/11,207
2011-01-19,2011-11,10/11,211
2011-01-20,2011-11,10/11,220
2011-01-21,2011-11,10/11,221
2011-01-22,2011-11,10/11,194
2011-01-23,2011-11,10/11,198
2011-01-24,2011-11,10/11,208
2011-01-25,2011-11,10/11,219
2011-01-26,2011-11,10/11,215
2011-01-27,2011-11,10/11,215
2011-01-28,2011-11,10/11,209
2011-01-29,2011-11,10/11,213
2011-01-30,2011-11,10/11,200
2011-01-31,2011-11,10/11,218
2011-02-01,2011-11,10/11,196
2011-02-02,2011-11,10/11,176
2011-02-03,2011-11,10/11,203
2011-02-04,2011-12,10/11,217
2011-02-05,2011-12,10/11,196
2011-02-06,2011-12,10/11,205
2011-02-07,2011-12,10/11,210
2011-02-08,2011-12,10/11,228
2011-02-09,2011-12,10/11,224
2011-02-10,2011-12,10/11,188
2011-02-11,2011-12,10/11,209
2011-02-12,2011-12,10/11,190
2011-02-13,2011-12,10/11,183
2011-02-14,2011-12,10/11,223
2011-02-15,2011-12,10/11,203
2011-02-16,2011-12,10/11,207
2011-02-17,2011-12,10/11,209
2011-02-18,2011-12,10/11,212
2011-02-19,2011-12,10/11,192
2011-02-20,2011-12,10/11,231
2011-02-21,2011-12,10/11,205
2011-02-22,2011-12,10/11,215
2011-02-23,2011-12,10/11,189
2011-02-24,2011-12,10/11,221
2011-02-25,2011-12,10/11,202
2011-02-26,2011-12,10/11,225
2011-02-27,2011-12,10/11,219
2011-02-28,2011-12,10/11,265
2011-03-01,2011-12,10/11,217
2011-03-02,2011-12,10/11,232
2011-03-03,2011-12,10/11,232
2011-03-04,2011-13,10/11,197
2011-03-05,2011-13,10/11,207
2011-03-06,2011-13,10/11,226
2011-03-07,2011-13,10/11,230
2011-03-08,2011-13,10/11,216
2011-03-09,2011-13,10/11,210
2011-03-10,2011-13,10/11,221
2011-03-11,2011-13,10/11,219
2011-03-12,2011-13,10/11,209
2011-03-13,2011-13,10/11,188
2011-03-14,2011-13,10/11,227
2011-03-15,2011-13,10/11,221
2011-03-16,2011-13,10/11,205
2011-03-17,2011-13,10/11,215
2011-03-18,2011-13,10/11,219
2011-03-19,2011-13,10/11,215
2011-03-20,2011-13,10/11,236
2011-03-21,2011-13,10/11,210
2011-03-22,2011-13,10/11,213
2011-03-23,2011-13,10/11,190
2011-03-24,2011-13,10/11,208
2011-03-25,2011-13,10/11,224
2011-03-26,2011-13,10/11,244
2011-03-27,2011-13,10/11,222
2011-03-28,2011-13,10/11,232
2011-03-29,2011-13,10/11,202
2011-03-30,2011-13,10/11,188
2011-03-31,2011-13,10/11,206
2011-04-01,2012-01,11/12,230
2011-04-02,2012-01,11/12,194
2011-04-03,2012-01,11/12,228
2011-04-04,2012-01,11/12,231
2011-04-05,2012-01,11/12,203
2011-04-06,2012-01,11/12,211
2011-04-07,2012-01,11/12,209
2011-04-08,2012-01,11/12,202
2011-04-09,2012-01,11/12,209
2011-04-10,2012-01,11/12,212
2011-04-11,2012-01,11/12,199
2011-04-12,2012-01,11/12,215
2011-04-13,2012-01,11/12,204
2011-04-14,2012-01,11/12,213
2011-04-15,2012-01,11/12,211
2011-04-16,2012-01,11/12,233
2011-04-17,2012-01,11/12,205
2011-04-18,2012-01,11/12,229
2011-04-19,2012-01,11/12,204
2011-04-20,2012-01,11/12,216
2011-04-21,2012-01,11/12,217
2011-04-22,2012-01,11/12,226
2011-04-23,2012-01,11/12,213
2011-04-24,2012-01,11/12,212
2011-04-25,2012-01,11/12,226
2011-04-26,2012-01,11/12,212
2011-04-27,2012-01,11/12,230
2011-04-28,2012-01,11/12,193
2011-04-29,2012-02,11/12,228
2011-04-30,2012-02,11/12,228
2011-05-01,2012-02,11/12,203
2011-05-02,2012-02,11/12,229
2011-05-03,2012-02,11/12,204
2011-05-04,2012-02,11/12,206
2011-05-05,2012-02,11/12,200
2011-05-06,2012-02,11/12,231
2011-05-07,2012-02,11/12,212
2011-05-08,2012-02,11/12,228
2011-05-09,2012-02,11/12,243
2011-05-10,2012-02,11/12,207
2011-05-11,2012-02,11/12,215
2011-05-12,2012-02,11/12,190
2011-05-13,2012-02,11/12,242
2011-05-14,2012-02,11/12,227
2011-05-15,2012-02,11/12,216
2011-05-16,2012-02,11/12,221
2011-05-17,2012-02,11/12,200
2011-05-18,2012-02,11/12,202
2011-05-19,2012-02,11/12,207
2011-05-20,2012-02,11/12,230
2011-05-21,2012-02,11/12,217
2011-05-22,2012-02,11/12,230
2011-05-23,2012-02,11/12,228
2011-05-24,2012-02,11/12,214
2011-05-25,2012-02,11/12,204
2011-05-26,2012-02,11/12,209
2011-05-27,2012-03,11/12,211
2011-05-28,2012-03,11/12,224
2011-05-29,2012-03,11/12,220
2011-05-30,2012-03,11/12,231
2011-05-31,2012-03,11/12,212
2011-06-01,2012-03,11/12,218
2011-06-02,2012-03,11/12,238
2011-06-03,2012-03,11/12,226
2011-06-04,2012-03,11/12,236
2011-06-05,2012-03,11/12,241
2011-06-06,2012-03,11/12,243
2011-06-07,2012-03,11/12,229
2011-06-08,2012-03,11/12,229
2011-06-09,2012-03,11/12,239
2011-06-10,2012-03,11/12,222
2011-06-11,2012-03,11/12,237
2011-06-12,2012-03,11/12,227
2011-06-13,2012-03,11/12,217
2011-06-14,2012-03,11/12,250
2011-06-15,2012-03,11/12,223
2011-06-16,2012-03,11/12,212
2011-06-17,2012-03,11/12,211
2011-06-18,2012-03,11/12,207
2011-06-19,2012-03,11/12,231
2011-06-20,2012-03,11/12,259
2011-06-21,2012-03,11/12,213
2011-06-22,2012-03,11/12,233
2011-06-23,2012-03,11/12,257
2011-06-24,2012-04,11/12,226
2011-06-25,2012-04,11/12,240
2011-06-26,2012-04,11/12,219
2011-06-27,2012-04,11/12,254
2011-06-28,2012-04,11/12,229
2011-06-29,2012-04,11/12,217
2011-06-30,2012-04,11/12,235
2011-07-01,2012-04,11/12,253
2011-07-02,2012-04,11/12,248
2011-07-03,2012-04,11/12,242
2011-07-04,2012-04,11/12,245
2011-07-05,2012-04,11/12,248
2011-07-06,2012-04,11/12,215
2011-07-07,2012-04,11/12,245
2011-07-08,2012-04,11/12,216
2011-07-09,2012-04,11/12,221
2011-07-10,2012-04,11/12,216
2011-07-11,2012-04,11/12,249
2011-07-12,2012-04,11/12,226
2011-07-13,2012-04,11/12,240
2011-07-14,2012-04,11/12,228
2011-07-15,2012-04,11/12,219
2011-07-16,2012-04,11/12,228
2011-07-17,2012-04,11/12,227
2011-07-18,2012-04,11/12,246
2011-07-19,2012-04,11/12,210
2011-07-20,2012-04,11/12,238
2011-07-21,2012-04,11/12,208
2011-07-22,2012-05,11/12,205
2011-07-23,2012-05,11/12,213
2011-07-24,2012-05,11/12,226
2011-07-25,2012-05,11/12,225
2011-07-26,2012-05,11/12,231
2011-07-27,2012-05,11/12,222
2011-07-28,2012-05,11/12,224
2011-07-29,2012-05,11/12,257
2011-07-30,2012-05,11/12,239
2011-07-31,2012-05,11/12,243
2011-08-01,2012-05,11/12,225
2011-08-02,2012-05,11/12,218
2011-08-03,2012-05,11/12,224
2011-08-04,2012-05,11/12,261
2011-08-05,2012-05,11/12,233
2011-08-06,2012-05,11/12,199
2011-08-07,2012-05,11/12,214
2011-08-08,2012-05,11/12,229
2011-08-09,2012-05,11/12,211
2011-08-10,2012-05,11/12,216
2011-08-11,2012-05,11/12,219
2011-08-12,2012-05,11/12,231
2011-08-13,2012-05,11/12,191
2011-08-14,2012-05,11/12,240
2011-08-15,2012-05,11/12,232
2011-08-16,2012-05,11/12,215
2011-08-17,2012-05,11/12,206
2011-08-18,2012-05,11/12,209
2011-08-19,2012-06,11/12,217
2011-08-20,2012-06,11/12,217
2011-08-21,2012-06,11/12,234
2011-08-22,2012-06,11/12,234
2011-08-23,2012-06,11/12,212
2011-08-24,2012-06,11/12,240
2011-08-25,2012-06,11/12,230
2011-08-26,2012-06,11/12,230
2011-08-27,2012-06,11/12,245
2011-08-28,2012-06,11/12,247
2011-08-29,2012-06,11/12,237
2011-08-30,2012-06,11/12,188
2011-08-31,2012-06,11/12,215
2011-09-01,2012-06,11/12,216
2011-09-02,2012-06,11/12,242
2011-09-03,2012-06,11/12,213
2011-09-04,2012-06,11/12,217
2011-09-05,2012-06,11/12,226
2011-09-06,2012-06,11/12,229
2011-09-07,2012-06,11/12,221
2011-09-08,2012-06,11/12,217
2011-09-09,2012-06,11/12,226
2011-09-10,2012-06,11/12,264
2011-09-11,2012-06,11/12,242
2011-09-12,2012-06,11/12,262
2011-09-13,2012-06,11/12,201
2011-09-14,2012-06,11/12,202
2011-09-15,2012-06,11/12,207
2011-09-16,2012-07,11/12,231
2011-09-17,2012-07,11/12,217
2011-09-18,2012-07,11/12,251
2011-09-19,2012-07,11/12,227
2011-09-20,2012-07,11/12,203
2011-09-21,2012-07,11/12,191
2011-09-22,2012-07,11/12,237
2011-09-23,2012-07,11/12,213
2011-09-24,2012-07,11/12,225
2011-09-25,2012-07,11/12,222
2011-09-26,2012-07,11/12,234
2011-09-27,2012-07,11/12,213
2011-09-28,2012-07,11/12,179
2011-09-29,2012-07,11/12,233
2011-09-30,2012-07,11/12,217
2011-10-01,2012-07,11/12,208
2011-10-02,2012-07,11/12,238
2011-10-03,2012-07,11/12,222
2011-10-04,2012-07,11/12,236
2011-10-05,2012-07,11/12,210
2011-10-06,2012-07,11/12,220
2011-10-07,2012-07,11/12,224
2011-10-08,2012-07,11/12,208
2011-10-09,2012-07,11/12,227
2011-10-10,2012-07,11/12,199
2011-10-11,2012-07,11/12,224
2011-10-12,2012-07,11/12,217
2011-10-13,2012-07,11/12,206
2011-10-14,2012-08,11/12,218
2011-10-15,2012-08,11/12,223
2011-10-16,2012-08,11/12,213
2011-10-17,2012-08,11/12,211
2011-10-18,2012-08,11/12,221
2011-10-19,2012-08,11/12,217
2011-10-20,2012-08,11/12,210
2011-10-21,2012-08,11/12,198
2011-10-22,2012-08,11/12,188
2011-10-23,2012-08,11/12,217
2011-10-24,2012-08,11/12,230
2011-10-25,2012-08,11/12,227
2011-10-26,2012-08,11/12,209
2011-10-27,2012-08,11/12,184
2011-10-28,2012-08,11/12,216
2011-10-29,2012-08,11/12,202
2011-10-30,2012-08,11/12,220
2011-10-31,2012-08,11/12,208
2011-11-01,2012-08,11/12,187
2011-11-02,2012-08,11/12,230
2011-11-03,2012-08,11/12,229
2011-11-04,2012-08,11/12,229
2011-11-05,2012-08,11/12,199
2011-11-06,2012-08,11/12,225
2011-11-07,2012-08,11/12,216
2011-11-08,2012-08,11/12,212
2011-11-09,2012-08,11/12,204
2011-11-10,2012-08,11/12,224
2011-11-11,2012-09,11/12,241
2011-11-12,2012-09,11/12,207
2011-11-13,2012-09,11/12,220
2011-11-14,2012-09,11/12,222
2011-11-15,2012-09,11/12,215
2011-11-16,2012-09,11/12,205
2011-11-17,2012-09,11/12,225
2011-11-18,2012-09,11/12,188
2011-11-19,2012-09,11/12,201
2011-11-20,2012-09,11/12,215
2011-11-21,2012-09,11/12,207
2011-11-22,2012-09,11/12,204
2011-11-23,2012-09,11/12,224
2011-11-24,2012-09,11/12,210
2011-11-25,2012-09,11/12,233
2011-11-26,2012-09,11/12,217
2011-11-27,2012-09,11/12,217
2011-11-28,2012-09,11/12,192
2011-11-29,2012-09,11/12,193
2011-11-30,2012-09,11/12,210
2011-12-01,2012-09,11/12,204
2011-12-02,2012-09,11/12,227
2011-12-03,2012-09,11/12,217
2011-12-04,2012-09,11/12,225
2011-12-05,2012-09,11/12,201
2011-12-06,2012-09,11/12,224
2011-12-07,2012-09,11/12,188
2011-12-08,2012-09,11/12,213
2011-12-09,2012-10,11/12,224
2011-12-10,2012-10,11/12,196
2011-12-11,2012-10,11/12,202
2011-12-12,2012-10,11/12,264
2011-12-13,2012-10,11/12,225
2011-12-14,2012-10,11/12,197
2011-12-15,2012-10,11/12,230
2011-12-16,2012-10,11/12,226
2011-12-17,2012-10,11/12,216
2011-12-18,2012-10,11/12,242
2011-12-19,2012-10,11/12,223
2011-12-20,2012-10,11/12,259
2011-12-21,2012-10,11/12,205
2011-12-22,2012-10,11/12,244
2011-12-23,2012-10,11/12,230
2011-12-24,2012-10,11/12,219
2011-12-25,2012-10,11/12,224
2011-12-26,2012-10,11/12,236
2011-12-27,2012-10,11/12,253
2011-12-28,2012-10,11/12,252
2011-12-29,2012-10,11/12,270
2011-12-30,2012-10,11/12,236
2011-12-31,2012-10,11/12,216
2012-01-01,2012-10,11/12,282
2012-01-02,2012-10,11/12,233
2012-01-03,2012-10,11/12,261
2012-01-04,2012-10,11/12,232
2012-01-05,2012-10,11/12,243
2012-01-06,2012-11,11/12,244
2012-01-07,2012-11,11/12,190
2012-01-08,2012-11,11/12,229
2012-01-09,2012-11,11/12,252
2012-01-10,2012-11,11/12,208
2012-01-11,2012-11,11/12,218
2012-01-12,2012-11,11/12,222
2012-01-13,2012-11,11/12,200
2012-01-14,2012-11,11/12,197
2012-01-15,2012-11,11/12,219
2012-01-16,2012-11,11/12,229
2012-01-17,2012-11,11/12,190
2012-01-18,2012-11,11/12,201
2012-01-19,2012-11,11/12,202
2012-01-20,2012-11,11/12,203
2012-01-21,2012-11,11/12,214
2012-01-22,2012-11,11/12,218
2012-01-23,2012-11,11/12,226
2012-01-24,2012-11,11/12,206
2012-01-25,2012-11,11/12,216
2012-01-26,2012-11,11/12,218
2012-01-27,2012-11,11/12,219
2012-01-28,2012-11,11/12,211
2012-01-29,2012-11,11/12,201
2012-01-30,2012-11,11/12,242
2012-01-31,2012-11,11/12,203
2012-02-01,2012-11,11/12,227
2012-02-02,2012-11,11/12,212
2012-02-03,2012-12,11/12,228
2012-02-04,2012-12,11/12,202
2012-02-05,2012-12,11/12,222
2012-02-06,2012-12,11/12,244
2012-02-07,2012-12,11/12,200
2012-02-08,2012-12,11/12,237
2012-02-09,2012-12,11/12,220
2012-02-10,2012-12,11/12,228
2012-02-11,2012-12,11/12,212
2012-02-12,2012-12,11/12,221
2012-02-13,2012-12,11/12,219
2012-02-14,2012-12,11/12,222
2012-02-15,2012-12,11/12,207
2012-02-16,2012-12,11/12,214
2012-02-17,2012-12,11/12,225
2012-02-18,2012-12,11/12,230
2012-02-19,2012-12,11/12,215
2012-02-20,2012-12,11/12,240
2012-02-21,2012-12,11/12,230
2012-02-22,2012-12,11/12,233
2012-02-23,2012-12,11/12,235
2012-02-24,2012-12,11/12,235
2012-02-25,2012-12,11/12,206
2012-02-26,2012-12,11/12,232
2012-02-27,2012-12,11/12,238
2012-02-28,2012-12,11/12,221
2012-02-29,2012-12,11/12,230
2012-03-01,2012-12,11/12,220
2012-03-02,2012-13,11/12,238
2012-03-03,2012-13,11/12,248
2012-03-04,2012-13,11/12,225
2012-03-05,2012-13,11/12,236
2012-03-06,2012-13,11/12,210
2012-03-07,2012-13,11/12,199
2012-03-08,2012-13,11/12,210
2012-03-09,2012-13,11/12,235
2012-03-10,2012-13,11/12,205
2012-03-11,2012-13,11/12,227
2012-03-12,2012-13,11/12,221
2012-03-13,2012-13,11/12,219
2012-03-14,2012-13,11/12,231
2012-03-15,2012-13,11/12,258
2012-03-16,2012-13,11/12,239
2012-03-17,2012-13,11/12,208
2012-03-18,2012-13,11/12,221
2012-03-19,2012-13,11/12,248
2012-03-20,2012-13,11/12,251
2012-03-21,2012-13,11/12,199
2012-03-22,2012-13,11/12,237
2012-03-23,2012-13,11/12,200
2012-03-24,2012-13,11/12,210
2012-03-25,2012-13,11/12,217
2012-03-26,2012-13,11/12,258
2012-03-27,2012-13,11/12,206
2012-03-28,2012-13,11/12,220
2012-03-29,2012-13,11/12,233
2012-03-30,2012-13,11/12,228
2012-03-31,2012-13,11/12,217
2012-04-01,2013-01,12/13,235
2012-04-02,2013-01,12/13,226
2012-04-03,2013-01,12/13,234
2012-04-04,2013-01,12/13,225
2012-04-05,2013-01,12/13,270
2012-04-06,2013-01,12/13,193
2012-04-07,2013-01,12/13,215
2012-04-08,2013-01,12/13,238
2012-04-09,2013-01,12/13,253
2012-04-10,2013-01,12/13,251
2012-04-11,2013-01,12/13,196
2012-04-12,2013-01,12/13,227
2012-04-13,2013-01,12/13,216
2012-04-14,2013-01,12/13,246
2012-04-15,2013-01,12/13,242
2012-04-16,2013-01,12/13,251
2012-04-17,2013-01,12/13,233
2012-04-18,2013-01,12/13,218
2012-04-19,2013-01,12/13,224
2012-04-20,2013-01,12/13,221
2012-04-21,2013-01,12/13,213
2012-04-22,2013-01,12/13,238
2012-04-23,2013-01,12/13,248
2012-04-24,2013-01,12/13,215
2012-04-25,2013-01,12/13,209
2012-04-26,2013-01,12/13,230
2012-04-27,2013-02,12/13,222
2012-04-28,2013-02,12/13,206
2012-04-29,2013-02,12/13,225
2012-04-30,2013-02,12/13,255
2012-05-01,2013-02,12/13,222
2012-05-02,2013-02,12/13,208
2012-05-03,2013-02,12/13,209
2012-05-04,2013-02,12/13,219
2012-05-05,2013-02,12/13,206
2012-05-06,2013-02,12/13,240
2012-05-07,2013-02,12/13,246
2012-05-08,2013-02,12/13,239
2012-05-09,2013-02,12/13,253
2012-05-10,2013-02,12/13,249
2012-05-11,2013-02,12/13,218
2012-05-12,2013-02,12/13,249
2012-05-13,2013-02,12/13,232
2012-05-14,2013-02,12/13,245
2012-05-15,2013-02,12/13,229
2012-05-16,2013-02,12/13,231
2012-05-17,2013-02,12/13,242
2012-05-18,2013-02,12/13,240
2012-05-19,2013-02,12/13,223
2012-05-20,2013-02,12/13,225
2012-05-21,2013-02,12/13,220
2012-05-22,2013-02,12/13,260
2012-05-23,2013-02,12/13,224
2012-05-24,2013-02,12/13,249
2012-05-25,2013-03,12/13,231
2012-05-26,2013-03,12/13,227
2012-05-27,2013-03,12/13,248
2012-05-28,2013-03,12/13,253
2012-05-29,2013-03,12/13,229
2012-05-30,2013-03,12/13,237
2012-05-31,2013-03,12/13,225
2012-06-01,2013-03,12/13,226
2012-06-02,2013-03,12/13,216
2012-06-03,2013-03,12/13,213
2012-06-04,2013-03,12/13,211
2012-06-05,2013-03,12/13,232
2012-06-06,2013-03,12/13,219
2012-06-07,2013-03,12/13,217
2012-06-08,2013-03,12/13,232
2012-06-09,2013-03,12/13,210
2012-06-10,2013-03,12/13,253
2012-06-11,2013-03,12/13,266
2012-06-12,2013-03,12/13,224
2012-06-13,2013-03,12/13,223
2012-06-14,2013-03,12/13,202
2012-06-15,2013-03,12/13,236
2012-06-16,2013-03,12/13,232
2012-06-17,2013-03,12/13,217
2012-06-18,2013-03,12/13,240
2012-06-19,2013-03,12/13,224
2012-06-20,2013-03,12/13,246
2012-06-21,2013-03,12/13,247
2012-06-22,2013-04,12/13,227
2012-06-23,2013-04,12/13,208
2012-06-24,2013-04,12/13,222
2012-06-25,2013-04,12/13,230
2012-06-26,2013-04,12/13,238
2012-06-27,2013-04,12/13,220
2012-06-28,2013-04,12/13,215
2012-06-29,2013-04,12/13,232
2012-06-30,2013-04,12/13,204
2012-07-01,2013-04,12/13,232
2012-07-02,2013-04,12/13,236
2012-07-03,2013-04,12/13,244
2012-07-04,2013-04,12/13,234
2012-07-05,2013-04,12/13,230
2012-07-06,2013-04,12/13,249
2012-07-07,2013-04,12/13,217
2012-07-08,2013-04,12/13,264
2012-07-09,2013-04,12/13,249
2012-07-10,2013-04,12/13,245
2012-07-11,2013-04,12/13,228
2012-07-12,2013-04,12/13,251
2012-07-13,2013-04,12/13,226
2012-07-14,2013-04,12/13,251
2012-07-15,2013-04,12/13,238
2012-07-16,2013-04,12/13,258
2012-07-17,2013-04,12/13,239
2012-07-18,2013-04,12/13,207
2012-07-19,2013-04,12/13,254
2012-07-20,2013-05,12/13,233
2012-07-21,2013-05,12/13,216
2012-07-22,2013-05,12/13,248
2012-07-23,2013-05,12/13,250
2012-07-24,2013-05,12/13,244
2012-07-25,2013-05,12/13,245
2012-07-26,2013-05,12/13,236
2012-07-27,2013-05,12/13,228
2012-07-28,2013-05,12/13,225
2012-07-29,2013-05,12/13,241
2012-07-30,2013-05,12/13,240
2012-07-31,2013-05,12/13,241
2012-08-01,2013-05,12/13,228
2012-08-02,2013-05,12/13,222
2012-08-03,2013-05,12/13,253
2012-08-04,2013-05,12/13,211
2012-08-05,2013-05,12/13,232
2012-08-06,2013-05,12/13,215
2012-08-07,2013-05,12/13,272
2012-08-08,2013-05,12/13,241
2012-08-09,2013-05,12/13,244
2012-08-10,2013-05,12/13,225
2012-08-11,2013-05,12/13,223
2012-08-12,2013-05,12/13,219
2012-08-13,2013-05,12/13,252
2012-08-14,2013-05,12/13,235
2012-08-15,2013-05,12/13,239
2012-08-16,2013-05,12/13,243
2012-08-17,2013-06,12/13,232
2012-08-18,2013-06,12/13,247
2012-08-19,2013-06,12/13,233
2012-08-20,2013-06,12/13,259
2012-08-21,2013-06,12/13,256
2012-08-22,2013-06,12/13,232
2012-08-23,2013-06,12/13,238
2012-08-24,2013-06,12/13,219
2012-08-25,2013-06,12/13,247
2012-08-26,2013-06,12/13,237
2012-08-27,2013-06,12/13,232
2012-08-28,2013-06,12/13,238
2012-08-29,2013-06,12/13,212
2012-08-30,2013-06,12/13,253
2012-08-31,2013-06,12/13,230
2012-09-01,2013-06,12/13,237
2012-09-02,2013-06,12/13,242
2012-09-03,2013-06,12/13,235
2012-09-04,2013-06,12/13,232
2012-09-05,2013-06,12/13,254
2012-09-06,2013-06,12/13,247
2012-09-07,2013-06,12/13,249
2012-09-08,2013-06,12/13,251
2012-09-09,2013-06,12/13,234
2012-09-10,2013-06,12/13,265
2012-09-11,2013-06,12/13,244
2012-09-12,2013-06,12/13,219
2012-09-13,2013-06,12/13,213
2012-09-14,2013-07,12/13,239
2012-09-15,2013-07,12/13,241
2012-09-16,2013-07,12/13,216
2012-09-17,2013-07,12/13,242
2012-09-18,2013-07,12/13,243
2012-09-19,2013-07,12/13,210
2012-09-20,2013-07,12/13,252
2012-09-21,2013-07,12/13,216
2012-09-22,2013-07,12/13,256
2012-09-23,2013-07,12/13,232
2012-09-24,2013-07,12/13,235
2012-09-25,2013-07,12/13,218
2012-09-26,2013-07,12/13,223
2012-09-27,2013-07,12/13,264
2012-09-28,2013-07,12/13,216
2012-09-29,2013-07,12/13,224
2012-09-30,2013-07,12/13,244
2012-10-01,2013-07,12/13,245
2012-10-02,2013-07,12/13,221
2012-10-03,2013-07,12/13,206
2012-10-04,2013-07,12/13,204
2012-10-05,2013-07,12/13,220
2012-10-06,2013-07,12/13,216
2012-10-07,2013-07,12/13,204
2012-10-08,2013-07,12/13,217
2012-10-09,2013-07,12/13,250
2012-10-10,2013-07,12/13,223
2012-10-11,2013-07,12/13,237
2012-10-12,2013-08,12/13,244
2012-10-13,2013-08,12/13,235
2012-10-14,2013-08,12/13,238
2012-10-15,2013-08,12/13,252
2012-10-16,2013-08,12/13,210
2012-10-17,2013-08,12/13,218
2012-10-18,2013-08,12/13,226
2012-10-19,2013-08,12/13,248
2012-10-20,2013-08,12/13,250
2012-10-21,2013-08,12/13,212
2012-10-22,2013-08,12/13,251
2012-10-23,2013-08,12/13,218
2012-10-24,2013-08,12/13,220
2012-10-25,2013-08,12/13,246
2012-10-26,2013-08,12/13,216
2012-10-27,2013-08,12/13,216
2012-10-28,2013-08,12/13,232
2012-10-29,2013-08,12/13,225
2012-10-30,2013-08,12/13,226
2012-10-31,2013-08,12/13,212
2012-11-01,2013-08,12/13,230
2012-11-02,2013-08,12/13,248
2012-11-03,2013-08,12/13,235
2012-11-04,2013-08,12/13,249
2012-11-05,2013-08,12/13,241
2012-11-06,2013-08,12/13,219
2012-11-07,2013-08,12/13,215
2012-11-08,2013-08,12/13,225
2012-11-09,2013-09,12/13,225
2012-11-10,2013-09,12/13,227
2012-11-11,2013-09,12/13,207
2012-11-12,2013-09,12/13,221
2012-11-13,2013-09,12/13,217
2012-11-14,2013-09,12/13,224
2012-11-15,2013-09,12/13,219
2012-11-16,2013-09,12/13,212
2012-11-17,2013-09,12/13,215
2012-11-18,2013-09,12/13,212
2012-11-19,2013-09,12/13,248
2012-11-20,2013-09,12/13,225
2012-11-21,2013-09,12/13,206
2012-11-22,2013-09,12/13,215
2012-11-23,2013-09,12/13,213
2012-11-24,2013-09,12/13,230
2012-11-25,2013-09,12/13,222
2012-11-26,2013-09,12/13,233
2012-11-27,2013-09,12/13,223
2012-11-28,2013-09,12/13,233
2012-11-29,2013-09,12/13,270
2012-11-30,2013-09,12/13,205
2012-12-01,2013-09,12/13,222
2012-12-02,2013-09,12/13,220
2012-12-03,2013-09,12/13,266
2012-12-04,2013-09,12/13,233
2012-12-05,2013-09,12/13,224
2012-12-06,2013-09,12/13,244
2012-12-07,2013-10,12/13,236
2012-12-08,2013-10,12/13,210
2012-12-09,2013-10,12/13,231
2012-12-10,2013-10,12/13,238
2012-12-11,2013-10,12/13,230
2012-12-12,2013-10,12/13,220
2012-12-13,2013-10,12/13,229
2012-12-14,2013-10,12/13,231
2012-12-15,2013-10,12/13,201
2012-12-16,2013-10,12/13,253
2012-12-17,2013-10,12/13,229
2012-12-18,2013-10,12/13,217
2012-12-19,2013-10,12/13,159
2012-12-20,2013-10,12/13,243
2012-12-21,2013-10,12/13,228
2012-12-22,2013-10,12/13,212
2012-12-23,2013-10,12/13,209
2012-12-24,2013-10,12/13,243
2012-12-25,2013-10,12/13,215
2012-12-26,2013-10,12/13,254
2012-12-27,2013-10,12/13,278
2012-12-28,2013-10,12/13,257
2012-12-29,2013-10,12/13,237
2012-12-30,2013-10,12/13,224
2012-12-31,2013-10,12/13,216
2013-01-01,2013-10,12/13,259
2013-01-02,2013-10,12/13,283
2013-01-03,2013-10,12/13,239
2013-01-04,2013-11,12/13,248
2013-01-05,2013-11,12/13,234
2013-01-06,2013-11,12/13,225
2013-01-07,2013-11,12/13,235
2013-01-08,2013-11,12/13,221
2013-01-09,2013-11,12/13,216
2013-01-10,2013-11,12/13,226
2013-01-11,2013-11,12/13,220
2013-01-12,2013-11,12/13,204
2013-01-13,2013-11,12/13,217
2013-01-14,2013-11,12/13,223
2013-01-15,2013-11,12/13,201
2013-01-16,2013-11,12/13,210
2013-01-17,2013-11,12/13,205
2013-01-18,2013-11,12/13,216
2013-01-19,2013-11,12/13,208
2013-01-20,2013-11,12/13,207
2013-01-21,2013-11,12/13,231
2013-01-22,2013-11,12/13,239
2013-01-23,2013-11,12/13,218
2013-01-24,2013-11,12/13,215
2013-01-25,2013-11,12/13,219
2013-01-26,2013-11,12/13,229
2013-01-27,2013-11,12/13,236
2013-01-28,2013-11,12/13,239
2013-01-29,2013-11,12/13,206
2013-01-30,2013-11,12/13,257
2013-01-31,2013-11,12/13,218
2013-02-01,2013-12,12/13,231
2013-02-02,2013-12,12/13,229
2013-02-03,2013-12,12/13,228
2013-02-04,2013-12,12/13,234
2013-02-05,2013-12,12/13,237
2013-02-06,2013-12,12/13,217
2013-02-07,2013-12,12/13,247
2013-02-08,2013-12,12/13,221
2013-02-09,2013-12,12/13,247
2013-02-10,2013-12,12/13,239
2013-02-11,2013-12,12/13,231
2013-02-12,2013-12,12/13,237
2013-02-13,2013-12,12/13,225
2013-02-14,2013-12,12/13,221
2013-02-15,2013-12,12/13,227
2013-02-16,2013-12,12/13,219
2013-02-17,2013-12,12/13,213
2013-02-18,2013-12,12/13,242
2013-02-19,2013-12,12/13,235
2013-02-20,2013-12,12/13,214
2013-02-21,2013-12,12/13,231
2013-02-22,2013-12,12/13,215
2013-02-23,2013-12,12/13,223
2013-02-24,2013-12,12/13,213
2013-02-25,2013-12,12/13,223
2013-02-26,2013-12,12/13,225
2013-02-27,2013-12,12/13,218
2013-02-28,2013-12,12/13,235
2013-03-01,2013-13,12/13,224
2013-03-02,2013-13,12/13,220
2013-03-03,2013-13,12/13,208
2013-03-04,2013-13,12/13,231
2013-03-05,2013-13,12/13,229
2013-03-06,2013-13,12/13,236
2013-03-07,2013-13,12/13,229
2013-03-08,2013-13,12/13,232
2013-03-09,2013-13,12/13,233
2013-03-10,2013-13,12/13,237
2013-03-11,2013-13,12/13,252
2013-03-12,2013-13,12/13,221
2013-03-13,2013-13,12/13,240
2013-03-14,2013-13,12/13,230
2013-03-15,2013-13,12/13,241
2013-03-16,2013-13,12/13,256
2013-03-17,2013-13,12/13,242
2013-03-18,2013-13,12/13,264
2013-03-19,2013-13,12/13,232
2013-03-20,2013-13,12/13,220
2013-03-21,2013-13,12/13,217
2013-03-22,2013-13,12/13,219
2013-03-23,2013-13,12/13,229
2013-03-24,2013-13,12/13,237
2013-03-25,2013-13,12/13,240
2013-03-26,2013-13,12/13,238
2013-03-27,2013-13,12/13,248
2013-03-28,2013-13,12/13,266
2013-03-29,2013-13,12/13,245
2013-03-30,2013-13,12/13,265
2013-03-31,2013-13,12/13,245
2013-04-01,2014-01,13/14,276
2013-04-02,2014-01,13/14,246
2013-04-03,2014-01,13/14,222
2013-04-04,2014-01,13/14,224
2013-04-05,2014-01,13/14,277
2013-04-06,2014-01,13/14,231
2013-04-07,2014-01,13/14,246
2013-04-08,2014-01,13/14,272
2013-04-09,2014-01,13/14,193
2013-04-10,2014-01,13/14,241
2013-04-11,2014-01,13/14,231
2013-04-12,2014-01,13/14,239
2013-04-13,2014-01,13/14,211
2013-04-14,2014-01,13/14,209
2013-04-15,2014-01,13/14,264
2013-04-16,2014-01,13/14,219
2013-04-17,2014-01,13/14,217
2013-04-18,2014-01,13/14,224
2013-04-19,2014-01,13/14,250
2013-04-20,2014-01,13/14,222
2013-04-21,2014-01,13/14,248
2013-04-22,2014-01,13/14,222
2013-04-23,2014-01,13/14,235
2013-04-24,2014-01,13/14,215
2013-04-25,2014-01,13/14,239
2013-04-26,2014-02,13/14,249
2013-04-27,2014-02,13/14,213
2013-04-28,2014-02,13/14,231
2013-04-29,2014-02,13/14,240
2013-04-30,2014-02,13/14,225
2013-05-01,2014-02,13/14,215
2013-05-02,2014-02,13/14,235
2013-05-03,2014-02,13/14,251
2013-05-04,2014-02,13/14,212
2013-05-05,2014-02,13/14,225
2013-05-06,2014-02,13/14,264
2013-05-07,2014-02,13/14,246
2013-05-08,2014-02,13/14,242
2013-05-09,2014-02,13/14,255
2013-05-10,2014-02,13/14,248
2013-05-11,2014-02,13/14,219
2013-05-12,2014-02,13/14,230
2013-05-13,2014-02,13/14,255
2013-05-14,2014-02,13/14,229
2013-05-15,2014-02,13/14,219
2013-05-16,2014-02,13/14,263
2013-05-17,2014-02,13/14,228
2013-05-18,2014-02,13/14,221
2013-05-19,2014-02,13/14,221
2013-05-20,2014-02,13/14,218
2013-05-21,2014-02,13/14,265
2013-05-22,2014-02,13/14,230
2013-05-23,2014-02,13/14,223
2013-05-24,2014-03,13/14,237
2013-05-25,2014-03,13/14,213
2013-05-26,2014-03,13/14,247
2013-05-27,2014-03,13/14,259
2013-05-28,2014-03,13/14,248
2013-05-29,2014-03,13/14,232
2013-05-30,2014-03,13/14,230
2013-05-31,2014-03,13/14,223
2013-06-01,2014-03,13/14,251
2013-06-02,2014-03,13/14,245
2013-06-03,2014-03,13/14,263
2013-06-04,2014-03,13/14,254
2013-06-05,2014-03,13/14,229
2013-06-06,2014-03,13/14,257
2013-06-07,2014-03,13/14,257
2013-06-08,2014-03,13/14,233
2013-06-09,2014-03,13/14,259
2013-06-10,2014-03,13/14,243
2013-06-11,2014-03,13/14,212
2013-06-12,2014-03,13/14,199
2013-06-13,2014-03,13/14,248
2013-06-14,2014-03,13/14,228
2013-06-15,2014-03,13/14,235
2013-06-16,2014-03,13/14,245
2013-06-17,2014-03,13/14,272
2013-06-18,2014-03,13/14,252
2013-06-19,2014-03,13/14,233
2013-06-20,2014-03,13/14,228
2013-06-21,2014-04,13/14,255
2013-06-22,2014-04,13/14,252
2013-06-23,2014-04,13/14,241
2013-06-24,2014-04,13/14,263
2013-06-25,2014-04,13/14,229
2013-06-26,2014-04,13/14,272
2013-06-27,2014-04,13/14,246
2013-06-28,2014-04,13/14,250
2013-06-29,2014-04,13/14,243
2013-06-30,2014-04,13/14,254
2013-07-01,2014-04,13/14,252
2013-07-02,2014-04,13/14,306
2013-07-03,2014-04,13/14,263
2013-07-04,2014-04,13/14,251
2013-07-05,2014-04,13/14,257
2013-07-06,2014-04,13/14,260
2013-07-07,2014-04,13/14,241
2013-07-08,2014-04,13/14,287
2013-07-09,2014-04,13/14,229
2013-07-10,2014-04,13/14,242
2013-07-11,2014-04,13/14,254
2013-07-12,2014-04,13/14,246
2013-07-13,2014-04,13/14,225
2013-07-14,2014-04,13/14,236
2013-07-15,2014-04,13/14,265
2013-07-16,2014-04,13/14,260
2013-07-17,2014-04,13/14,240
2013-07-18,2014-04,13/14,250
2013-07-19,2014-05,13/14,249
2013-07-20,2014-05,13/14,231
2013-07-21,2014-05,13/14,265
2013-07-22,2014-05,13/14,239
2013-07-23,2014-05,13/14,279
2013-07-24,2014-05,13/14,242
2013-07-25,2014-05,13/14,242
2013-07-26,2014-05,13/14,242
2013-07-27,2014-05,13/14,261
2013-07-28,2014-05,13/14,242
2013-07-29,2014-05,13/14,230
2013-07-30,2014-05,13/14,242
2013-07-31,2014-05,13/14,241
2013-08-01,2014-05,13/14,268
2013-08-02,2014-05,13/14,254
2013-08-03,2014-05,13/14,244
2013-08-04,2014-05,13/14,237
2013-08-05,2014-05,13/14,246
2013-08-06,2014-05,13/14,257
2013-08-07,2014-05,13/14,241
2013-08-08,2014-05,13/14,270
2013-08-09,2014-05,13/14,243
2013-08-10,2014-05,13/14,255
2013-08-11,2014-05,13/14,246
2013-08-12,2014-05,13/14,246
2013-08-13,2014-05,13/14,252
2013-08-14,2014-05,13/14,252
2013-08-15,2014-05,13/14,237
2013-08-16,2014-06,13/14,248
2013-08-17,2014-06,13/14,236
2013-08-18,2014-06,13/14,251
2013-08-19,2014-06,13/14,256
2013-08-20,2014-06,13/14,259
2013-08-21,2014-06,13/14,248
2013-08-22,2014-06,13/14,230
2013-08-23,2014-06,13/14,221
2013-08-24,2014-06,13/14,226
2013-08-25,2014-06,13/14,251
2013-08-26,2014-06,13/14,272
2013-08-27,2014-06,13/14,242
2013-08-28,2014-06,13/14,255
2013-08-29,2014-06,13/14,217
2013-08-30,2014-06,13/14,217
2013-08-31,2014-06,13/14,227
2013-09-01,2014-06,13/14,254
2013-09-02,2014-06,13/14,261
2013-09-03,2014-06,13/14,245
2013-09-04,2014-06,13/14,239
2013-09-05,2014-06,13/14,256
2013-09-06,2014-06,13/14,245
2013-09-07,2014-06,13/14,223
2013-09-08,2014-06,13/14,214
2013-09-09,2014-06,13/14,283
2013-09-10,2014-06,13/14,245
2013-09-11,2014-06,13/14,220
2013-09-12,2014-06,13/14,242
2013-09-13,2014-07,13/14,257
2013-09-14,2014-07,13/14,253
2013-09-15,2014-07,13/14,253
2013-09-16,2014-07,13/14,242
2013-09-17,2014-07,13/14,232
2013-09-18,2014-07,13/14,237
2013-09-19,2014-07,13/14,230
2013-09-20,2014-07,13/14,255
2013-09-21,2014-07,13/14,243
2013-09-22,2014-07,13/14,210
2013-09-23,2014-07,13/14,254
2013-09-24,2014-07,13/14,238
2013-09-25,2014-07,13/14,228
2013-09-26,2014-07,13/14,230
2013-09-27,2014-07,13/14,229
2013-09-28,2014-07,13/14,240
2013-09-29,2014-07,13/14,234
2013-09-30,2014-07,13/14,233
2013-10-01,2014-07,13/14,235
2013-10-02,2014-07,13/14,247
2013-10-03,2014-07,13/14,243
2013-10-04,2014-07,13/14,257
2013-10-05,2014-07,13/14,248
2013-10-06,2014-07,13/14,236
2013-10-07,2014-07,13/14,251
2013-10-08,2014-07,13/14,220
2013-10-09,2014-07,13/14,240
2013-10-10,2014-07,13/14,217
2013-10-11,2014-08,13/14,218
2013-10-12,2014-08,13/14,211
2013-10-13,2014-08,13/14,227
2013-10-14,2014-08,13/14,212
2013-10-15,2014-08,13/14,268
2013-10-16,2014-08,13/14,252
2013-10-17,2014-08,13/14,239
2013-10-18,2014-08,13/14,236
2013-10-19,2014-08,13/14,187
2013-10-20,2014-08,13/14,235
2013-10-21,2014-08,13/14,256
2013-10-22,2014-08,13/14,225
2013-10-23,2014-08,13/14,221
2013-10-24,2014-08,13/14,223
2013-10-25,2014-08,13/14,223
2013-10-26,2014-08,13/14,235
2013-10-27,2014-08,13/14,250
2013-10-28,2014-08,13/14,219
2013-10-29,2014-08,13/14,219
2013-10-30,2014-08,13/14,224
2013-10-31,2014-08,13/14,221
2013-11-01,2014-08,13/14,242
2013-11-02,2014-08,13/14,206
2013-11-03,2014-08,13/14,222
2013-11-04,2014-08,13/14,239
2013-11-05,2014-08,13/14,202
2013-11-06,2014-08,13/14,217
2013-11-07,2014-08,13/14,225
2013-11-08,2014-09,13/14,252
2013-11-09,2014-09,13/14,232
2013-11-10,2014-09,13/14,251
2013-11-11,2014-09,13/14,227
2013-11-12,2014-09,13/14,243
2013-11-13,2014-09,13/14,221
2013-11-14,2014-09,13/14,219
2013-11-15,2014-09,13/14,205
2013-11-16,2014-09,13/14,219
2013-11-17,2014-09,13/14,216
2013-11-18,2014-09,13/14,236
2013-11-19,2014-09,13/14,248
2013-11-20,2014-09,13/14,213
2013-11-21,2014-09,13/14,191
2013-11-22,2014-09,13/14,188
2013-11-23,2014-09,13/14,225
2013-11-24,2014-09,13/14,216
2013-11-25,2014-09,13/14,261
2013-11-26,2014-09,13/14,241
2013-11-27,2014-09,13/14,224
2013-11-28,2014-09,13/14,238
2013-11-29,2014-09,13/14,230
2013-11-30,2014-09,13/14,217
2013-12-01,2014-09,13/14,226
2013-12-02,2014-09,13/14,247
2013-12-03,2014-09,13/14,212
2013-12-04,2014-09,13/14,213
2013-12-05,2014-09,13/14,218
2013-12-06,2014-10,13/14,240
2013-12-07,2014-10,13/14,219
2013-12-08,2014-10,13/14,217
2013-12-09,2014-10,13/14,219
2013-12-10,2014-10,13/14,231
2013-12-11,2014-10,13/14,221
2013-12-12,2014-10,13/14,217
2013-12-13,2014-10,13/14,228
2013-12-14,2014-10,13/14,234
2013-12-15,2014-10,13/14,213
2013-12-16,2014-10,13/14,236
2013-12-17,2014-10,13/14,257
2013-12-18,2014-10,13/14,237
2013-12-19,2014-10,13/14,237
2013-12-20,2014-10,13/14,231
2013-12-21,2014-10,13/14,247
2013-12-22,2014-10,13/14,230
2013-12-23,2014-10,13/14,244
2013-12-24,2014-10,13/14,220
2013-12-25,2014-10,13/14,208
2013-12-26,2014-10,13/14,241
2013-12-27,2014-10,13/14,277
2013-12-28,2014-10,13/14,239
2013-12-29,2014-10,13/14,257
2013-12-30,2014-10,13/14,276
2013-12-31,2014-10,13/14,242
2014-01-01,2014-10,13/14,269
2014-01-02,2014-10,13/14,256
2014-01-03,2014-11,13/14,274
2014-01-04,2014-11,13/14,251
2014-01-05,2014-11,13/14,236
2014-01-06,2014-11,13/14,261
2014-01-07,2014-11,13/14,255
2014-01-08,2014-11,13/14,262
2014-01-09,2014-11,13/14,258
2014-01-10,2014-11,13/14,259
2014-01-11,2014-11,13/14,250
2014-01-12,2014-11,13/14,224
2014-01-13,2014-11,13/14,263
2014-01-14,2014-11,13/14,230
2014-01-15,2014-11,13/14,213
2014-01-16,2014-11,13/14,231
2014-01-17,2014-11,13/14,223
2014-01-18,2014-11,13/14,229
2014-01-19,2014-11,13/14,220
2014-01-20,2014-11,13/14,276
2014-01-21,2014-11,13/14,244
2014-01-22,2014-11,13/14,231
2014-01-23,2014-11,13/14,236
2014-01-24,2014-11,13/14,259
2014-01-25,2014-11,13/14,218
2014-01-26,2014-11,13/14,234
2014-01-27,2014-11,13/14,264
2014-01-28,2014-11,13/14,269
2014-01-29,2014-11,13/14,234
2014-01-30,2014-11,13/14,220
2014-01-31,2014-12,13/14,246
2014-02-01,2014-12,13/14,251
2014-02-02,2014-12,13/14,215
2014-02-03,2014-12,13/14,281
2014-02-04,2014-12,13/14,239
2014-02-05,2014-12,13/14,222
2014-02-06,2014-12,13/14,220
2014-02-07,2014-12,13/14,243
2014-02-08,2014-12,13/14,216
2014-02-09,2014-12,13/14,220
2014-02-10,2014-12,13/14,263
2014-02-11,2014-12,13/14,264
2014-02-12,2014-12,13/14,245
2014-02-13,2014-12,13/14,253
2014-02-14,2014-12,13/14,208
2014-02-15,2014-12,13/14,249
2014-02-16,2014-12,13/14,226
2014-02-17,2014-12,13/14,266
2014-02-18,2014-12,13/14,257
2014-02-19,2014-12,13/14,239
2014-02-20,2014-12,13/14,243
2014-02-21,2014-12,13/14,222
2014-02-22,2014-12,13/14,230
2014-02-23,2014-12,13/14,212
2014-02-24,2014-12,13/14,243
2014-02-25,2014-12,13/14,237
2014-02-26,2014-12,13/14,227
2014-02-27,2014-12,13/14,234
2014-02-28,2014-13,13/14,244
2014-03-01,2014-13,13/14,232
2014-03-02,2014-13,13/14,241
2014-03-03,2014-13,13/14,259
2014-03-04,2014-13,13/14,230
2014-03-05,2014-13,13/14,245
2014-03-06,2014-13,13/14,236
2014-03-07,2014-13,13/14,225
2014-03-08,2014-13,13/14,226
2014-03-09,2014-13,13/14,235
2014-03-10,2014-13,13/14,272
2014-03-11,2014-13,13/14,230
2014-03-12,2014-13,13/14,236
2014-03-13,2014-13,13/14,241
2014-03-14,2014-13,13/14,223
2014-03-15,2014-13,13/14,250
2014-03-16,2014-13,13/14,252
2014-03-17,2014-13,13/14,282
2014-03-18,2014-13,13/14,247
2014-03-19,2014-13,13/14,247
2014-03-20,2014-13,13/14,248
2014-03-21,2014-13,13/14,227
2014-03-22,2014-13,13/14,203
2014-03-23,2014-13,13/14,229
2014-03-24,2014-13,13/14,284
2014-03-25,2014-13,13/14,253
2014-03-26,2014-13,13/14,235
2014-03-27,2014-13,13/14,263
2014-03-28,2014-13,13/14,244
2014-03-29,2014-13,13/14,258
2014-03-30,2014-13,13/14,234
2014-03-31,2014-13,13/14,281
2014-04-01,2015-01,14/15,248
2014-04-02,2015-01,14/15,236
2014-04-03,2015-01,14/15,236
2014-04-04,2015-01,14/15,257
2014-04-05,2015-01,14/15,244
2014-04-06,2015-01,14/15,244
2014-04-07,2015-01,14/15,274
2014-04-08,2015-01,14/15,244
2014-04-09,2015-01,14/15,244
2014-04-10,2015-01,14/15,216
2014-04-11,2015-01,14/15,247
2014-04-12,2015-01,14/15,241
2014-04-13,2015-01,14/15,270
2014-04-14,2015-01,14/15,270
2014-04-15,2015-01,14/15,238
2014-04-16,2015-01,14/15,227
2014-04-17,2015-01,14/15,238
2014-04-18,2015-01,14/15,243
2014-04-19,2015-01,14/15,274
2014-04-20,2015-01,14/15,246
2014-04-21,2015-01,14/15,241
2014-04-22,2015-01,14/15,245
2014-04-23,2015-01,14/15,254
2014-04-24,2015-01,14/15,235
2014-04-25,2015-02,14/15,232
2014-04-26,2015-02,14/15,246
2014-04-27,2015-02,14/15,249
2014-04-28,2015-02,14/15,285
2014-04-29,2015-02,14/15,254
2014-04-30,2015-02,14/15,247
2014-05-01,2015-02,14/15,235
2014-05-02,2015-02,14/15,220
2014-05-03,2015-02,14/15,231
2014-05-04,2015-02,14/15,253
2014-05-05,2015-02,14/15,247
2014-05-06,2015-02,14/15,270
2014-05-07,2015-02,14/15,229
2014-05-08,2015-02,14/15,219
2014-05-09,2015-02,14/15,244
2014-05-10,2015-02,14/15,227
2014-05-11,2015-02,14/15,231
2014-05-12,2015-02,14/15,253
2014-05-13,2015-02,14/15,246
2014-05-14,2015-02,14/15,274
2014-05-15,2015-02,14/15,241
2014-05-16,2015-02,14/15,248
2014-05-17,2015-02,14/15,253
2014-05-18,2015-02,14/15,256
2014-05-19,2015-02,14/15,268
2014-05-20,2015-02,14/15,258
2014-05-21,2015-02,14/15,265
2014-05-22,2015-02,14/15,236
2014-05-23,2015-03,14/15,232
2014-05-24,2015-03,14/15,248
2014-05-25,2015-03,14/15,243
2014-05-26,2015-03,14/15,279
2014-05-27,2015-03,14/15,281
2014-05-28,2015-03,14/15,226
2014-05-29,2015-03,14/15,256
2014-05-30,2015-03,14/15,246
2014-05-31,2015-03,14/15,235
2014-06-01,2015-03,14/15,229
2014-06-02,2015-03,14/15,255
2014-06-03,2015-03,14/15,249
2014-06-04,2015-03,14/15,261
2014-06-05,2015-03,14/15,267
2014-06-06,2015-03,14/15,244
2014-06-07,2015-03,14/15,243
2014-06-08,2015-03,14/15,263
2014-06-09,2015-03,14/15,274
2014-06-10,2015-03,14/15,255
2014-06-11,2015-03,14/15,255
2014-06-12,2015-03,14/15,227
2014-06-13,2015-03,14/15,241
2014-06-14,2015-03,14/15,220
2014-06-15,2015-03,14/15,236
2014-06-16,2015-03,14/15,239
2014-06-17,2015-03,14/15,246
2014-06-18,2015-03,14/15,247
2014-06-19,2015-03,14/15,244
2014-06-20,2015-04,14/15,259
2014-06-21,2015-04,14/15,243
2014-06-22,2015-04,14/15,248
2014-06-23,2015-04,14/15,256
2014-06-24,2015-04,14/15,261
2014-06-25,2015-04,14/15,237
2014-06-26,2015-04,14/15,268
2014-06-27,2015-04,14/15,268
2014-06-28,2015-04,14/15,243
2014-06-29,2015-04,14/15,270
2014-06-30,2015-04,14/15,313
2014-07-01,2015-04,14/15,277
2014-07-02,2015-04,14/15,257
2014-07-03,2015-04,14/15,254
2014-07-04,2015-04,14/15,235
2014-07-05,2015-04,14/15,227
2014-07-06,2015-04,14/15,274
2014-07-07,2015-04,14/15,294
2014-07-08,2015-04,14/15,259
2014-07-09,2015-04,14/15,282
2014-07-10,2015-04,14/15,258
2014-07-11,2015-04,14/15,240
2014-07-12,2015-04,14/15,256
2014-07-13,2015-04,14/15,239
2014-07-14,2015-04,14/15,257
2014-07-15,2015-04,14/15,263
2014-07-16,2015-04,14/15,275
2014-07-17,2015-04,14/15,218
2014-07-18,2015-05,14/15,224
2014-07-19,2015-05,14/15,206
2014-07-20,2015-05,14/15,238
2014-07-21,2015-05,14/15,244
2014-07-22,2015-05,14/15,243
2014-07-23,2015-05,14/15,257
2014-07-24,2015-05,14/15,228
2014-07-25,2015-05,14/15,243
2014-07-26,2015-05,14/15,228
2014-07-27,2015-05,14/15,264
2014-07-28,2015-05,14/15,259
2014-07-29,2015-05,14/15,271
2014-07-30,2015-05,14/15,270
2014-07-31,2015-05,14/15,259
2014-08-01,2015-05,14/15,242
2014-08-02,2015-05,14/15,259
2014-08-03,2015-05,14/15,251
2014-08-04,2015-05,14/15,280
2014-08-05,2015-05,14/15,275
2014-08-06,2015-05,14/15,271
2014-08-07,2015-05,14/15,272
2014-08-08,2015-05,14/15,248
2014-08-09,2015-05,14/15,246
2014-08-10,2015-05,14/15,274
2014-08-11,2015-05,14/15,287
2014-08-12,2015-05,14/15,262
2014-08-13,2015-05,14/15,271
2014-08-14,2015-05,14/15,254
2014-08-15,2015-06,14/15,258
2014-08-16,2015-06,14/15,250
2014-08-17,2015-06,14/15,254
2014-08-18,2015-06,14/15,278
2014-08-19,2015-06,14/15,260
2014-08-20,2015-06,14/15,265
2014-08-21,2015-06,14/15,226
2014-08-22,2015-06,14/15,256
2014-08-23,2015-06,14/15,239
2014-08-24,2015-06,14/15,247
2014-08-25,2015-06,14/15,290
2014-08-26,2015-06,14/15,255
2014-08-27,2015-06,14/15,284
2014-08-28,2015-06,14/15,240
2014-08-29,2015-06,14/15,237
2014-08-30,2015-06,14/15,260
2014-08-31,2015-06,14/15,246
2014-09-01,2015-06,14/15,255
2014-09-02,2015-06,14/15,260
2014-09-03,2015-06,14/15,268
2014-09-04,2015-06,14/15,254
2014-09-05,2015-06,14/15,260
2014-09-06,2015-06,14/15,268
2014-09-07,2015-06,14/15,265
2014-09-08,2015-06,14/15,273
2014-09-09,2015-06,14/15,247
2014-09-10,2015-06,14/15,235
2014-09-11,2015-06,14/15,258
2014-09-12,2015-07,14/15,266
2014-09-13,2015-07,14/15,265
2014-09-14,2015-07,14/15,260
2014-09-15,2015-07,14/15,248
2014-09-16,2015-07,14/15,236
2014-09-17,2015-07,14/15,246
2014-09-18,2015-07,14/15,248
2014-09-19,2015-07,14/15,258
2014-09-20,2015-07,14/15,233
2014-09-21,2015-07,14/15,235
2014-09-22,2015-07,14/15,266
2014-09-23,2015-07,14/15,236
2014-09-24,2015-07,14/15,217
2014-09-25,2015-07,14/15,219
2014-09-26,2015-07,14/15,226
2014-09-27,2015-07,14/15,219
2014-09-28,2015-07,14/15,242
2014-09-29,2015-07,14/15,239
2014-09-30,2015-07,14/15,230
2014-10-01,2015-07,14/15,242
2014-10-02,2015-07,14/15,244
2014-10-03,2015-07,14/15,227
2014-10-04,2015-07,14/15,227
2014-10-05,2015-07,14/15,256
2014-10-06,2015-07,14/15,237
2014-10-07,2015-07,14/15,251
2014-10-08,2015-07,14/15,223
2014-10-09,2015-07,14/15,257
2014-10-10,2015-08,14/15,246
2014-10-11,2015-08,14/15,243
2014-10-12,2015-08,14/15,236
2014-10-13,2015-08,14/15,240
2014-10-14,2015-08,14/15,251
2014-10-15,2015-08,14/15,251
2014-10-16,2015-08,14/15,240
2014-10-17,2015-08,14/15,270
2014-10-18,2015-08,14/15,224
2014-10-19,2015-08,14/15,268
2014-10-20,2015-08,14/15,247
2014-10-21,2015-08,14/15,248
2014-10-22,2015-08,14/15,258
2014-10-23,2015-08,14/15,208
2014-10-24,2015-08,14/15,256
2014-10-25,2015-08,14/15,232
2014-10-26,2015-08,14/15,225
2014-10-27,2015-08,14/15,232
2014-10-28,2015-08,14/15,251
2014-10-29,2015-08,14/15,258
2014-10-30,2015-08,14/15,220
2014-10-31,2015-08,14/15,241
2014-11-01,2015-08,14/15,248
2014-11-02,2015-08,14/15,261
2014-11-03,2015-08,14/15,256
2014-11-04,2015-08,14/15,250
2014-11-05,2015-08,14/15,243
2014-11-06,2015-08,14/15,255
2014-11-07,2015-09,14/15,225
2014-11-08,2015-09,14/15,249
2014-11-09,2015-09,14/15,253
2014-11-10,2015-09,14/15,286
2014-11-11,2015-09,14/15,225
2014-11-12,2015-09,14/15,264
2014-11-13,2015-09,14/15,212
2014-11-14,2015-09,14/15,233
2014-11-15,2015-09,14/15,214
2014-11-16,2015-09,14/15,208
2014-11-17,2015-09,14/15,231
2014-11-18,2015-09,14/15,234
2014-11-19,2015-09,14/15,233
2014-11-20,2015-09,14/15,248
2014-11-21,2015-09,14/15,225
2014-11-22,2015-09,14/15,225
2014-11-23,2015-09,14/15,203
2014-11-24,2015-09,14/15,247
2014-11-25,2015-09,14/15,246
2014-11-26,2015-09,14/15,217
2014-11-27,2015-09,14/15,230
2014-11-28,2015-09,14/15,237
2014-11-29,2015-09,14/15,215
2014-11-30,2015-09,14/15,225
2014-12-01,2015-09,14/15,256
2014-12-02,2015-09,14/15,219
2014-12-03,2015-09,14/15,215
2014-12-04,2015-09,14/15,252
2014-12-05,2015-10,14/15,269
2014-12-06,2015-10,14/15,243
2014-12-07,2015-10,14/15,274
2014-12-08,2015-10,14/15,261
2014-12-09,2015-10,14/15,259
2014-12-10,2015-10,14/15,251
2014-12-11,2015-10,14/15,244
2014-12-12,2015-10,14/15,263
2014-12-13,2015-10,14/15,221
2014-12-14,2015-10,14/15,227
2014-12-15,2015-10,14/15,245
2014-12-16,2015-10,14/15,242
2014-12-17,2015-10,14/15,240
2014-12-18,2015-10,14/15,243
2014-12-19,2015-10,14/15,245
2014-12-20,2015-10,14/15,208
2014-12-21,2015-10,14/15,252
2014-12-22,2015-10,14/15,247
2014-12-23,2015-10,14/15,253
2014-12-24,2015-10,14/15,216
2014-12-25,2015-10,14/15,224
2014-12-26,2015-10,14/15,251
2014-12-27,2015-10,14/15,269
2014-12-28,2015-10,14/15,246
2014-12-29,2015-10,14/15,273
2014-12-30,2015-10,14/15,257
2014-12-31,2015-10,14/15,216
2015-01-01,2015-10,14/15,245
2015-01-02,2015-11,14/15,283
2015-01-03,2015-11,14/15,245
2015-01-04,2015-11,14/15,238
2015-01-05,2015-11,14/15,282
2015-01-06,2015-11,14/15,248
2015-01-07,2015-11,14/15,243
2015-01-08,2015-11,14/15,261
2015-01-09,2015-11,14/15,256
2015-01-10,2015-11,14/15,241
2015-01-11,2015-11,14/15,241
2015-01-12,2015-11,14/15,270
2015-01-13,2015-11,14/15,241
2015-01-14,2015-11,14/15,260
2015-01-15,2015-11,14/15,228
2015-01-16,2015-11,14/15,240
2015-01-17,2015-11,14/15,223
2015-01-18,2015-11,14/15,249
2015-01-19,2015-11,14/15,244
2015-01-20,2015-11,14/15,245
2015-01-21,2015-11,14/15,241
2015-01-22,2015-11,14/15,255
2015-01-23,2015-11,14/15,238
2015-01-24,2015-11,14/15,255
2015-01-25,2015-11,14/15,270
2015-01-26,2015-11,14/15,263
2015-01-27,2015-11,14/15,242
2015-01-28,2015-11,14/15,233
2015-01-29,2015-11,14/15,238
2015-01-30,2015-12,14/15,232
2015-01-31,2015-12,14/15,218
2015-02-01,2015-12,14/15,253
2015-02-02,2015-12,14/15,248
2015-02-03,2015-12,14/15,263
2015-02-04,2015-12,14/15,246
2015-02-05,2015-12,14/15,284
2015-02-06,2015-12,14/15,275
2015-02-07,2015-12,14/15,249
2015-02-08,2015-12,14/15,244
2015-02-09,2015-12,14/15,243
2015-02-10,2015-12,14/15,263
2015-02-11,2015-12,14/15,248
2015-02-12,2015-12,14/15,245
2015-02-13,2015-12,14/15,266
2015-02-14,2015-12,14/15,238
2015-02-15,2015-12,14/15,225
2015-02-16,2015-12,14/15,264
2015-02-17,2015-12,14/15,248
2015-02-18,2015-12,14/15,231
2015-02-19,2015-12,14/15,257
2015-02-20,2015-12,14/15,247
2015-02-21,2015-12,14/15,231
2015-02-22,2015-12,14/15,261
2015-02-23,2015-12,14/15,260
2015-02-24,2015-12,14/15,261
2015-02-25,2015-12,14/15,251
2015-02-26,2015-12,14/15,233
2015-02-27,2015-13,14/15,262
2015-02-28,2015-13,14/15,223
2015-03-01,2015-13,14/15,234
2015-03-02,2015-13,14/15,264
2015-03-03,2015-13,14/15,263
2015-03-04,2015-13,14/15,255
2015-03-05,2015-13,14/15,243
2015-03-06,2015-13,14/15,253
2015-03-07,2015-13,14/15,247
2015-03-08,2015-13,14/15,244
2015-03-09,2015-13,14/15,292
2015-03-10,2015-13,14/15,237
2015-03-11,2015-13,14/15,275
2015-03-12,2015-13,14/15,248
2015-03-13,2015-13,14/15,277
2015-03-14,2015-13,14/15,238
2015-03-15,2015-13,14/15,237
2015-03-16,2015-13,14/15,260
2015-03-17,2015-13,14/15,260
2015-03-18,2015-13,14/15,234
2015-03-19,2015-13,14/15,250
2015-03-20,2015-13,14/15,259
2015-03-21,2015-13,14/15,239
2015-03-22,2015-13,14/15,227
2015-03-23,2015-13,14/15,234
2015-03-24,2015-13,14/15,235
2015-03-25,2015-13,14/15,243
2015-03-26,2015-13,14/15,262
2015-03-27,2015-13,14/15,256
2015-03-28,2015-13,14/15,247
2015-03-29,2015-13,14/15,270
2015-03-30,2015-13,14/15,265
2015-03-31,2015-13,14/15,251
2015-04-01,2016-01,15/16,262
2015-04-02,2016-01,15/16,284
2015-04-03,2016-01,15/16,233
2015-04-04,2016-01,15/16,236
2015-04-05,2016-01,15/16,256
2015-04-06,2016-01,15/16,246
2015-04-07,2016-01,15/16,244
2015-04-08,2016-01,15/16,268
2015-04-09,2016-01,15/16,244
2015-04-10,2016-01,15/16,249
2015-04-11,2016-01,15/16,258
2015-04-12,2016-01,15/16,260
2015-04-13,2016-01,15/16,252
2015-04-14,2016-01,15/16,254
2015-04-15,2016-01,15/16,232
2015-04-16,2016-01,15/16,257
2015-04-17,2016-01,15/16,247
2015-04-18,2016-01,15/16,239
2015-04-19,2016-01,15/16,245
2015-04-20,2016-01,15/16,279
2015-04-21,2016-01,15/16,249
2015-04-22,2016-01,15/16,255
2015-04-23,2016-01,15/16,269
2015-04-24,2016-02,15/16,252
2015-04-25,2016-02,15/16,252
2015-04-26,2016-02,15/16,247
2015-04-27,2016-02,15/16,273
2015-04-28,2016-02,15/16,254
2015-04-29,2016-02,15/16,267
2015-04-30,2016-02,15/16,267
2015-05-01,2016-02,15/16,260
2015-05-02,2016-02,15/16,245
2015-05-03,2016-02,15/16,268
2015-05-04,2016-02,15/16,275
2015-05-05,2016-02,15/16,273
2015-05-06,2016-02,15/16,262
2015-05-07,2016-02,15/16,287
2015-05-08,2016-02,15/16,249
2015-05-09,2016-02,15/16,268
2015-05-10,2016-02,15/16,217
2015-05-11,2016-02,15/16,277
2015-05-12,2016-02,15/16,274
2015-05-13,2016-02,15/16,257
2015-05-14,2016-02,15/16,264
2015-05-15,2016-02,15/16,256
2015-05-16,2016-02,15/16,232
2015-05-17,2016-02,15/16,237
2015-05-18,2016-02,15/16,247
2015-05-19,2016-02,15/16,273
2015-05-20,2016-02,15/16,254
2015-05-21,2016-02,15/16,276
2015-05-22,2016-03,15/16,266
2015-05-23,2016-03,15/16,236
2015-05-24,2016-03,15/16,230
2015-05-25,2016-03,15/16,259
2015-05-26,2016-03,15/16,237
2015-05-27,2016-03,15/16,258
2015-05-28,2016-03,15/16,280
2015-05-29,2016-03,15/16,253
2015-05-30,2016-03,15/16,247
2015-05-31,2016-03,15/16,263
2015-06-01,2016-03,15/16,300
2015-06-02,2016-03,15/16,239
2015-06-03,2016-03,15/16,273
2015-06-04,2016-03,15/16,262
2015-06-05,2016-03,15/16,243
2015-06-06,2016-03,15/16,257
2015-06-07,2016-03,15/16,273
2015-06-08,2016-03,15/16,295
2015-06-09,2016-03,15/16,248
2015-06-10,2016-03,15/16,252
2015-06-11,2016-03,15/16,267
2015-06-12,2016-03,15/16,250
2015-06-13,2016-03,15/16,254
2015-06-14,2016-03,15/16,256
2015-06-15,2016-03,15/16,275
2015-06-16,2016-03,15/16,286
2015-06-17,2016-03,15/16,250
2015-06-18,2016-03,15/16,247
2015-06-19,2016-04,15/16,264
2015-06-20,2016-04,15/16,241
2015-06-21,2016-04,15/16,272
2015-06-22,2016-04,15/16,303
2015-06-23,2016-04,15/16,265
2015-06-24,2016-04,15/16,273
2015-06-25,2016-04,15/16,263
2015-06-26,2016-04,15/16,285
2015-06-27,2016-04,15/16,241
2015-06-28,2016-04,15/16,268
2015-06-29,2016-04,15/16,302
2015-06-30,2016-04,15/16,273
2015-07-01,2016-04,15/16,275
2015-07-02,2016-04,15/16,305
2015-07-03,2016-04,15/16,283
2015-07-04,2016-04,15/16,248
2015-07-05,2016-04,15/16,293
2015-07-06,2016-04,15/16,291
2015-07-07,2016-04,15/16,263
2015-07-08,2016-04,15/16,270
2015-07-09,2016-04,15/16,286
2015-07-10,2016-04,15/16,292
2015-07-11,2016-04,15/16,254
2015-07-12,2016-04,15/16,260
2015-07-13,2016-04,15/16,291
2015-07-14,2016-04,15/16,261
2015-07-15,2016-04,15/16,257
2015-07-16,2016-04,15/16,251
2015-07-17,2016-05,15/16,280
2015-07-18,2016-05,15/16,262
2015-07-19,2016-05,15/16,249
2015-07-20,2016-05,15/16,289
2015-07-21,2016-05,15/16,283
2015-07-22,2016-05,15/16,276
2015-07-23,2016-05,15/16,249
2015-07-24,2016-05,15/16,255
2015-07-25,2016-05,15/16,243
2015-07-26,2016-05,15/16,274
2015-07-27,2016-05,15/16,265
2015-07-28,2016-05,15/16,276
2015-07-29,2016-05,15/16,247
2015-07-30,2016-05,15/16,250
2015-07-31,2016-05,15/16,250
2015-08-01,2016-05,15/16,278
2015-08-02,2016-05,15/16,274
2015-08-03,2016-05,15/16,266
2015-08-04,2016-05,15/16,305
2015-08-05,2016-05,15/16,275
2015-08-06,2016-05,15/16,256
2015-08-07,2016-05,15/16,266
2015-08-08,2016-05,15/16,268
2015-08-09,2016-05,15/16,252
2015-08-10,2016-05,15/16,280
2015-08-11,2016-05,15/16,278
2015-08-12,2016-05,15/16,271
2015-08-13,2016-05,15/16,267
2015-08-14,2016-06,15/16,251
2015-08-15,2016-06,15/16,237
2015-08-16,2016-06,15/16,264
2015-08-17,2016-06,15/16,291
2015-08-18,2016-06,15/16,277
2015-08-19,2016-06,15/16,269
2015-08-20,2016-06,15/16,243
2015-08-21,2016-06,15/16,250
2015-08-22,2016-06,15/16,246
2015-08-23,2016-06,15/16,267
2015-08-24,2016-06,15/16,277
2015-08-25,2016-06,15/16,262
2015-08-26,2016-06,15/16,261
2015-08-27,2016-06,15/16,262
2015-08-28,2016-06,15/16,242
2015-08-29,2016-06,15/16,238
2015-08-30,2016-06,15/16,258
2015-08-31,2016-06,15/16,261
2015-09-01,2016-06,15/16,253
2015-09-02,2016-06,15/16,252
2015-09-03,2016-06,15/16,252
2015-09-04,2016-06,15/16,254
2015-09-05,2016-06,15/16,247
2015-09-06,2016-06,15/16,251
2015-09-07,2016-06,15/16,267
2015-09-08,2016-06,15/16,258
2015-09-09,2016-06,15/16,258
2015-09-10,2016-06,15/16,247
2015-09-11,2016-07,15/16,275
2015-09-12,2016-07,15/16,245
2015-09-13,2016-07,15/16,256
2015-09-14,2016-07,15/16,273
2015-09-15,2016-07,15/16,246
2015-09-16,2016-07,15/16,244
2015-09-17,2016-07,15/16,260
2015-09-18,2016-07,15/16,231
2015-09-19,2016-07,15/16,244
2015-09-20,2016-07,15/16,257
2015-09-21,2016-07,15/16,258
2015-09-22,2016-07,15/16,252
2015-09-23,2016-07,15/16,259
2015-09-24,2016-07,15/16,244
2015-09-25,2016-07,15/16,285
2015-09-26,2016-07,15/16,260
2015-09-27,2016-07,15/16,254
2015-09-28,2016-07,15/16,282
2015-09-29,2016-07,15/16,256
2015-09-30,2016-07,15/16,279
2015-10-01,2016-07,15/16,271
2015-10-02,2016-07,15/16,245
2015-10-03,2016-07,15/16,261
2015-10-04,2016-07,15/16,230
2015-10-05,2016-07,15/16,272
2015-10-06,2016-07,15/16,254
2015-10-07,2016-07,15/16,249
2015-10-08,2016-07,15/16,249
2015-10-09,2016-08,15/16,260
2015-10-10,2016-08,15/16,232
2015-10-11,2016-08,15/16,222
2015-10-12,2016-08,15/16,242
2015-10-13,2016-08,15/16,228
2015-10-14,2016-08,15/16,259
2015-10-15,2016-08,15/16,248
2015-10-16,2016-08,15/16,265
2015-10-17,2016-08,15/16,218
2015-10-18,2016-08,15/16,280
2015-10-19,2016-08,15/16,260
2015-10-20,2016-08,15/16,253
2015-10-21,2016-08,15/16,255
2015-10-22,2016-08,15/16,249
2015-10-23,2016-08,15/16,257
2015-10-24,2016-08,15/16,270
2015-10-25,2016-08,15/16,242
2015-10-26,2016-08,15/16,287
2015-10-27,2016-08,15/16,225
2015-10-28,2016-08,15/16,245
2015-10-29,2016-08,15/16,245
2015-10-30,2016-08,15/16,246
2015-10-31,2016-08,15/16,243
2015-11-01,2016-08,15/16,289
2015-11-02,2016-08,15/16,264
2015-11-03,2016-08,15/16,259
2015-11-04,2016-08,15/16,222
2015-11-05,2016-08,15/16,253
2015-11-06,2016-09,15/16,270
2015-11-07,2016-09,15/16,253
2015-11-08,2016-09,15/16,214
2015-11-09,2016-09,15/16,252
2015-11-10,2016-09,15/16,243
2015-11-11,2016-09,15/16,239
2015-11-12,2016-09,15/16,232
2015-11-13,2016-09,15/16,261
2015-11-14,2016-09,15/16,243
2015-11-15,2016-09,15/16,220
2015-11-16,2016-09,15/16,256
2015-11-17,2016-09,15/16,251
2015-11-18,2016-09,15/16,209
2015-11-19,2016-09,15/16,256
2015-11-20,2016-09,15/16,233
2015-11-21,2016-09,15/16,245
2015-11-22,2016-09,15/16,237
2015-11-23,2016-09,15/16,276
2015-11-24,2016-09,15/16,233
2015-11-25,2016-09,15/16,248
2015-11-26,2016-09,15/16,247
2015-11-27,2016-09,15/16,239
2015-11-28,2016-09,15/16,235
2015-11-29,2016-09,15/16,198
2015-11-30,2016-09,15/16,276
2015-12-01,2016-09,15/16,264
2015-12-02,2016-09,15/16,241
2015-12-03,2016-09,15/16,249
2015-12-04,2016-10,15/16,226
2015-12-05,2016-10,15/16,236
2015-12-06,2016-10,15/16,244
2015-12-07,2016-10,15/16,246
2015-12-08,2016-10,15/16,250
2015-12-09,2016-10,15/16,248
2015-12-10,2016-10,15/16,276
2015-12-11,2016-10,15/16,241
2015-12-12,2016-10,15/16,224
2015-12-13,2016-10,15/16,241
2015-12-14,2016-10,15/16,262
2015-12-15,2016-10,15/16,221
2015-12-16,2016-10,15/16,246
2015-12-17,2016-10,15/16,233
2015-12-18,2016-10,15/16,243
2015-12-19,2016-10,15/16,240
2015-12-20,2016-10,15/16,224
2015-12-21,2016-10,15/16,262
2015-12-22,2016-10,15/16,240
2015-12-23,2016-10,15/16,207
2015-12-24,2016-10,15/16,199
2015-12-25,2016-10,15/16,204
2015-12-26,2016-10,15/16,259
2015-12-27,2016-10,15/16,238
2015-12-28,2016-10,15/16,259
2015-12-29,2016-10,15/16,261
2015-12-30,2016-10,15/16,266
2015-12-31,2016-10,15/16,231
2016-01-01,2016-11,15/16,298
2016-01-02,2016-11,15/16,276
2016-01-03,2016-11,15/16,261
2016-01-04,2016-11,15/16,291
2016-01-05,2016-11,15/16,277
2016-01-06,2016-11,15/16,264
2016-01-07,2016-11,15/16,265
2016-01-08,2016-11,15/16,266
2016-01-09,2016-11,15/16,241
2016-01-10,2016-11,15/16,250
2016-01-11,2016-11,15/16,279
2016-01-12,2016-11,15/16,240
2016-01-13,2016-11,15/16,264
2016-01-14,2016-11,15/16,221
2016-01-15,2016-11,15/16,268
2016-01-16,2016-11,15/16,249
2016-01-17,2016-11,15/16,259
2016-01-18,2016-11,15/16,275
2016-01-19,2016-11,15/16,262
2016-01-20,2016-11,15/16,261
2016-01-21,2016-11,15/16,244
2016-01-22,2016-11,15/16,278
2016-01-23,2016-11,15/16,258
2016-01-24,2016-11,15/16,272
2016-01-25,2016-11,15/16,302
2016-01-26,2016-11,15/16,261
2016-01-27,2016-11,15/16,270
2016-01-28,2016-11,15/16,280
2016-01-29,2016-12,15/16,263
2016-01-30,2016-12,15/16,251
2016-01-31,2016-12,15/16,260
2016-02-01,2016-12,15/16,269
2016-02-02,2016-12,15/16,250
2016-02-03,2016-12,15/16,249
2016-02-04,2016-12,15/16,248
2016-02-05,2016-12,15/16,262
2016-02-06,2016-12,15/16,249
2016-02-07,2016-12,15/16,257
2016-02-08,2016-12,15/16,288
2016-02-09,2016-12,15/16,258
2016-02-10,2016-12,15/16,264
2016-02-11,2016-12,15/16,276
2016-02-12,2016-12,15/16,283
2016-02-13,2016-12,15/16,244
2016-02-14,2016-12,15/16,253
2016-02-15,2016-12,15/16,267
2016-02-16,2016-12,15/16,274
2016-02-17,2016-12,15/16,223
2016-02-18,2016-12,15/16,249
2016-02-19,2016-12,15/16,274
2016-02-20,2016-12,15/16,244
2016-02-21,2016-12,15/16,259
2016-02-22,2016-12,15/16,271
2016-02-23,2016-12,15/16,278
2016-02-24,2016-12,15/16,239
2016-02-25,2016-12,15/16,249
2016-02-26,2016-13,15/16,245
2016-02-27,2016-13,15/16,252
2016-02-28,2016-13,15/16,244
2016-02-29,2016-13,15/16,254
2016-03-01,2016-13,15/16,254
2016-03-02,2016-13,15/16,290
2016-03-03,2016-13,15/16,259
2016-03-04,2016-13,15/16,271
2016-03-05,2016-13,15/16,289
2016-03-06,2016-13,15/16,275
2016-03-07,2016-13,15/16,284
2016-03-08,2016-13,15/16,250
2016-03-09,2016-13,15/16,235
2016-03-10,2016-13,15/16,257
2016-03-11,2016-13,15/16,277
2016-03-12,2016-13,15/16,267
2016-03-13,2016-13,15/16,264
2016-03-14,2016-13,15/16,274
2016-03-15,2016-13,15/16,248
2016-03-16,2016-13,15/16,279
2016-03-17,2016-13,15/16,280
2016-03-18,2016-13,15/16,275
2016-03-19,2016-13,15/16,223
2016-03-20,2016-13,15/16,262
2016-03-21,2016-13,15/16,253
2016-03-22,2016-13,15/16,275
2016-03-23,2016-13,15/16,258
2016-03-24,2016-13,15/16,287
2016-03-25,2016-13,15/16,252
2016-03-26,2016-13,15/16,251
2016-03-27,2016-13,15/16,257
2016-03-28,2016-13,15/16,284
2016-03-29,2016-13,15/16,279
2016-03-30,2016-13,15/16,271
2016-03-31,2016-13,15/16,288
2016-04-01,2017-01,16/17,262
2016-04-02,2017-01,16/17,264
2016-04-03,2017-01,16/17,246
2016-04-04,2017-01,16/17,269
2016-04-05,2017-01,16/17,256
2016-04-06,2017-01,16/17,268
2016-04-07,2017-01,16/17,272
2016-04-08,2017-01,16/17,291
2016-04-09,2017-01,16/17,249
2016-04-10,2017-01,16/17,256
2016-04-11,2017-01,16/17,279
2016-04-12,2017-01,16/17,270
2016-04-13,2017-01,16/17,233
2016-04-14,2017-01,16/17,269
2016-04-15,2017-01,16/17,255
2016-04-16,2017-01,16/17,249
2016-04-17,2017-01,16/17,255
2016-04-18,2017-01,16/17,281
2016-04-19,2017-01,16/17,250
2016-04-20,2017-01,16/17,262
2016-04-21,2017-01,16/17,272
2016-04-22,2017-02,16/17,289
2016-04-23,2017-02,16/17,245
2016-04-24,2017-02,16/17,245
2016-04-25,2017-02,16/17,281
2016-04-26,2017-02,16/17,292
2016-04-27,2017-02,16/17,258
2016-04-28,2017-02,16/17,265
2016-04-29,2017-02,16/17,266
2016-04-30,2017-02,16/17,244
2016-05-01,2017-02,16/17,247
2016-05-02,2017-02,16/17,288
2016-05-03,2017-02,16/17,286
2016-05-04,2017-02,16/17,263
2016-05-05,2017-02,16/17,236
2016-05-06,2017-02,16/17,256
2016-05-07,2017-02,16/17,227
2016-05-08,2017-02,16/17,260
2016-05-09,2017-02,16/17,294
2016-05-10,2017-02,16/17,256
2016-05-11,2017-02,16/17,240
2016-05-12,2017-02,16/17,252
2016-05-13,2017-02,16/17,285
2016-05-14,2017-02,16/17,252
2016-05-15,2017-02,16/17,232
2016-05-16,2017-02,16/17,269
2016-05-17,2017-02,16/17,276
2016-05-18,2017-02,16/17,260
2016-05-19,2017-02,16/17,287
2016-05-20,2017-03,16/17,250
2016-05-21,2017-03,16/17,258
2016-05-22,2017-03,16/17,283
2016-05-23,2017-03,16/17,274
2016-05-24,2017-03,16/17,285
2016-05-25,2017-03,16/17,260
2016-05-26,2017-03,16/17,250
2016-05-27,2017-03,16/17,262
2016-05-28,2017-03,16/17,242
2016-05-29,2017-03,16/17,261
2016-05-30,2017-03,16/17,273
2016-05-31,2017-03,16/17,284
2016-06-01,2017-03,16/17,262
2016-06-02,2017-03,16/17,262
2016-06-03,2017-03,16/17,279
2016-06-04,2017-03,16/17,263
2016-06-05,2017-03,16/17,289
2016-06-06,2017-03,16/17,286
2016-06-07,2017-03,16/17,264
2016-06-08,2017-03,16/17,267
2016-06-09,2017-03,16/17,278
2016-06-10,2017-03,16/17,269
2016-06-11,2017-03,16/17,241
2016-06-12,2017-03,16/17,266
2016-06-13,2017-03,16/17,281
2016-06-14,2017-03,16/17,260
2016-06-15,2017-03,16/17,259
2016-06-16,2017-03,16/17,256
2016-06-17,2017-04,16/17,246
2016-06-18,2017-04,16/17,240
2016-06-19,2017-04,16/17,261
2016-06-20,2017-04,16/17,264
2016-06-21,2017-04,16/17,271
2016-06-22,2017-04,16/17,259
2016-06-23,2017-04,16/17,275
2016-06-24,2017-04,16/17,277
2016-06-25,2017-04,16/17,252
2016-06-26,2017-04,16/17,267
2016-06-27,2017-04,16/17,291
2016-06-28,2017-04,16/17,263
2016-06-29,2017-04,16/17,270
2016-06-30,2017-04,16/17,263
2016-07-01,2017-04,16/17,241
2016-07-02,2017-04,16/17,260
2016-07-03,2017-04,16/17,297
2016-07-04,2017-04,16/17,262
2016-07-05,2017-04,16/17,262
2016-07-06,2017-04,16/17,252
2016-07-07,2017-04,16/17,270
2016-07-08,2017-04,16/17,246
2016-07-09,2017-04,16/17,263
2016-07-10,2017-04,16/17,257
2016-07-11,2017-04,16/17,299
2016-07-12,2017-04,16/17,258
2016-07-13,2017-04,16/17,268
2016-07-14,2017-04,16/17,245
2016-07-15,2017-05,16/17,270
2016-07-16,2017-05,16/17,233
2016-07-17,2017-05,16/17,265
2016-07-18,2017-05,16/17,308
2016-07-19,2017-05,16/17,263
2016-07-20,2017-05,16/17,260
2016-07-21,2017-05,16/17,272
2016-07-22,2017-05,16/17,260
2016-07-23,2017-05,16/17,236
2016-07-24,2017-05,16/17,265
2016-07-25,2017-05,16/17,285
2016-07-26,2017-05,16/17,247
2016-07-27,2017-05,16/17,256
2016-07-28,2017-05,16/17,261
2016-07-29,2017-05,16/17,265
2016-07-30,2017-05,16/17,267
2016-07-31,2017-05,16/17,266
2016-08-01,2017-05,16/17,273
2016-08-02,2017-05,16/17,276
2016-08-03,2017-05,16/17,270
2016-08-04,2017-05,16/17,274
2016-08-05,2017-05,16/17,280
2016-08-06,2017-05,16/17,231
2016-08-07,2017-05,16/17,249
2016-08-08,2017-05,16/17,271
2016-08-09,2017-05,16/17,256
2016-08-10,2017-05,16/17,249
2016-08-11,2017-05,16/17,259
2016-08-12,2017-06,16/17,269
2016-08-13,2017-06,16/17,250
2016-08-14,2017-06,16/17,280
2016-08-15,2017-06,16/17,289
2016-08-16,2017-06,16/17,270
2016-08-17,2017-06,16/17,270
2016-08-18,2017-06,16/17,259
2016-08-19,2017-06,16/17,287
2016-08-20,2017-06,16/17,233
2016-08-21,2017-06,16/17,259
2016-08-22,2017-06,16/17,287
2016-08-23,2017-06,16/17,234
2016-08-24,2017-06,16/17,267
2016-08-25,2017-06,16/17,262
2016-08-26,2017-06,16/17,267
2016-08-27,2017-06,16/17,250
2016-08-28,2017-06,16/17,272
2016-08-29,2017-06,16/17,290
2016-08-30,2017-06,16/17,259
2016-08-31,2017-06,16/17,244
2016-09-01,2017-06,16/17,251
2016-09-02,2017-06,16/17,260
2016-09-03,2017-06,16/17,251
2016-09-04,2017-06,16/17,258
2016-09-05,2017-06,16/17,230
2016-09-06,2017-06,16/17,265
2016-09-07,2017-06,16/17,244
2016-09-08,2017-06,16/17,270
2016-09-09,2017-07,16/17,241
2016-09-10,2017-07,16/17,259
2016-09-11,2017-07,16/17,250
2016-09-12,2017-07,16/17,262
2016-09-13,2017-07,16/17,264
2016-09-14,2017-07,16/17,255
2016-09-15,2017-07,16/17,234
2016-09-16,2017-07,16/17,255
2016-09-17,2017-07,16/17,263
2016-09-18,2017-07,16/17,259
2016-09-19,2017-07,16/17,261
2016-09-20,2017-07,16/17,254
2016-09-21,2017-07,16/17,241
2016-09-22,2017-07,16/17,265
2016-09-23,2017-07,16/17,250
2016-09-24,2017-07,16/17,252
2016-09-25,2017-07,16/17,241
2016-09-26,2017-07,16/17,263
2016-09-27,2017-07,16/17,250
2016-09-28,2017-07,16/17,223
2016-09-29,2017-07,16/17,267
2016-09-30,2017-07,16/17,272
2016-10-01,2017-07,16/17,238
2016-10-02,2017-07,16/17,223
2016-10-03,2017-07,16/17,292
2016-10-04,2017-07,16/17,274
2016-10-05,2017-07,16/17,257
2016-10-06,2017-07,16/17,245
2016-10-07,2017-08,16/17,270
2016-10-08,2017-08,16/17,198
2016-10-09,2017-08,16/17,274
2016-10-10,2017-08,16/17,248
2016-10-11,2017-08,16/17,271
2016-10-12,2017-08,16/17,243
2016-10-13,2017-08,16/17,252
2016-10-14,2017-08,16/17,239
2016-10-15,2017-08,16/17,238
2016-10-16,2017-08,16/17,232
2016-10-17,2017-08,16/17,275
2016-10-18,2017-08,16/17,281
2016-10-19,2017-08,16/17,256
2016-10-20,2017-08,16/17,263
2016-10-21,2017-08,16/17,259
2016-10-22,2017-08,16/17,237
2016-10-23,2017-08,16/17,238
2016-10-24,2017-08,16/17,274
2016-10-25,2017-08,16/17,271
2016-10-26,2017-08,16/17,228
2016-10-27,2017-08,16/17,246
2016-10-28,2017-08,16/17,263
2016-10-29,2017-08,16/17,249
2016-10-30,2017-08,16/17,252
2016-10-31,2017-08,16/17,271
2016-11-01,2017-08,16/17,250
2016-11-02,2017-08,16/17,248
2016-11-03,2017-08,16/17,285
2016-11-04,2017-09,16/17,253
2016-11-05,2017-09,16/17,237
2016-11-06,2017-09,16/17,260
2016-11-07,2017-09,16/17,272
2016-11-08,2017-09,16/17,244
2016-11-09,2017-09,16/17,250
2016-11-10,2017-09,16/17,249
2016-11-11,2017-09,16/17,257
2016-11-12,2017-09,16/17,236
2016-11-13,2017-09,16/17,265
2016-11-14,2017-09,16/17,251
2016-11-15,2017-09,16/17,272
2016-11-16,2017-09,16/17,268
2016-11-17,2017-09,16/17,257
2016-11-18,2017-09,16/17,262
2016-11-19,2017-09,16/17,230
2016-11-20,2017-09,16/17,257
2016-11-21,2017-09,16/17,282
2016-11-22,2017-09,16/17,247
2016-11-23,2017-09,16/17,277
2016-11-24,2017-09,16/17,258
2016-11-25,2017-09,16/17,265
2016-11-26,2017-09,16/17,249
2016-11-27,2017-09,16/17,239
2016-11-28,2017-09,16/17,276
2016-11-29,2017-09,16/17,232
2016-11-30,2017-09,16/17,228
2016-12-01,2017-09,16/17,255
2016-12-02,2017-10,16/17,253
2016-12-03,2017-10,16/17,222
2016-12-04,2017-10,16/17,245
2016-12-05,2017-10,16/17,203
2016-12-06,2017-10,16/17,273
2016-12-07,2017-10,16/17,244
2016-12-08,2017-10,16/17,231
2016-12-09,2017-10,16/17,241
2016-12-10,2017-10,16/17,257
2016-12-11,2017-10,16/17,250
2016-12-12,2017-10,16/17,262
2016-12-13,2017-10,16/17,274
2016-12-14,2017-10,16/17,249
2016-12-15,2017-10,16/17,257
2016-12-16,2017-10,16/17,246
2016-12-17,2017-10,16/17,232
2016-12-18,2017-10,16/17,233
2016-12-19,2017-10,16/17,268
2016-12-20,2017-10,16/17,292
2016-12-21,2017-10,16/17,306
2016-12-22,2017-10,16/17,269
2016-12-23,2017-10,16/17,251
2016-12-24,2017-10,16/17,232
2016-12-25,2017-10,16/17,238
2016-12-26,2017-10,16/17,279
2016-12-27,2017-10,16/17,292
2016-12-28,2017-10,16/17,315
2016-12-29,2017-10,16/17,286
2016-12-30,2017-11,16/17,319
2016-12-31,2017-11,16/17,242
2017-01-01,2017-11,16/17,274
2017-01-02,2017-11,16/17,312
2017-01-03,2017-11,16/17,303
2017-01-04,2017-11,16/17,307
2017-01-05,2017-11,16/17,267
2017-01-06,2017-11,16/17,261
2017-01-07,2017-11,16/17,277
2017-01-08,2017-11,16/17,266
2017-01-09,2017-11,16/17,298
2017-01-10,2017-11,16/17,264
2017-01-11,2017-11,16/17,265
2017-01-12,2017-11,16/17,246
2017-01-13,2017-11,16/17,248
2017-01-14,2017-11,16/17,243
2017-01-15,2017-11,16/17,247
2017-01-16,2017-11,16/17,290
2017-01-17,2017-11,16/17,252
2017-01-18,2017-11,16/17,281
2017-01-19,2017-11,16/17,262
2017-01-20,2017-11,16/17,261
2017-01-21,2017-11,16/17,250
2017-01-22,2017-11,16/17,262
2017-01-23,2017-11,16/17,277
2017-01-24,2017-11,16/17,276
2017-01-25,2017-11,16/17,238
2017-01-26,2017-11,16/17,228
2017-01-27,2017-12,16/17,243
2017-01-28,2017-12,16/17,263
2017-01-29,2017-12,16/17,260
2017-01-30,2017-12,16/17,275
2017-01-31,2017-12,16/17,252
2017-02-01,2017-12,16/17,260
2017-02-02,2017-12,16/17,255
2017-02-03,2017-12,16/17,225
2017-02-04,2017-12,16/17,227
2017-02-05,2017-12,16/17,229
2017-02-06,2017-12,16/17,279
2017-02-07,2017-12,16/17,252
2017-02-08,2017-12,16/17,244
2017-02-09,2017-12,16/17,261
2017-02-10,2017-12,16/17,248
2017-02-11,2017-12,16/17,246
2017-02-12,2017-12,16/17,283
2017-02-13,2017-12,16/17,262
2017-02-14,2017-12,16/17,273
2017-02-15,2017-12,16/17,258
2017-02-16,2017-12,16/17,267
2017-02-17,2017-12,16/17,283
2017-02-18,2017-12,16/17,275
2017-02-19,2017-12,16/17,261
2017-02-20,2017-12,16/17,286
2017-02-21,2017-12,16/17,262
2017-02-22,2017-12,16/17,244
2017-02-23,2017-12,16/17,229
2017-02-24,2017-13,16/17,253
2017-02-25,2017-13,16/17,240
2017-02-26,2017-13,16/17,257
2017-02-27,2017-13,16/17,256
2017-02-28,2017-13,16/17,269
2017-03-01,2017-13,16/17,266
2017-03-02,2017-13,16/17,280
2017-03-03,2017-13,16/17,278
2017-03-04,2017-13,16/17,264
2017-03-05,2017-13,16/17,258
2017-03-06,2017-13,16/17,281
2017-03-07,2017-13,16/17,248
2017-03-08,2017-13,16/17,275
2017-03-09,2017-13,16/17,267
2017-03-10,2017-13,16/17,261
2017-03-11,2017-13,16/17,253
2017-03-12,2017-13,16/17,259
2017-03-13,2017-13,16/17,286
2017-03-14,2017-13,16/17,280
2017-03-15,2017-13,16/17,255
2017-03-16,2017-13,16/17,264
2017-03-17,2017-13,16/17,272
2017-03-18,2017-13,16/17,267
2017-03-19,2017-13,16/17,279
2017-03-20,2017-13,16/17,281
2017-03-21,2017-13,16/17,278
2017-03-22,2017-13,16/17,266
2017-03-23,2017-13,16/17,261
2017-03-24,2017-13,16/17,276
2017-03-25,2017-13,16/17,264
2017-03-26,2017-13,16/17,228
2017-03-27,2017-13,16/17,311
2017-03-28,2017-13,16/17,269
2017-03-29,2017-13,16/17,273
2017-03-30,2017-13,16/17,263
2017-03-31,2017-13,16/17,258
